RID,GameID,metascore,global_user_score_mean,user_score_mean
1,1,65,6.669,6.592
2,2,70,6.1,9.333
3,3,46,3.717,5.667
4,4,79,8.2,6.5
5,5,52,4.467,5.667
6,6,73,7.383,7.333
7,7,83,7.684,8.04
8,8,73,4.954,4.458
9,9,62,7.6,7.364
10,10,39,5.125,4.875
11,11,55,6.2,4.0
12,12,77,8.1,8.0
13,13,59,6.2,7.0
14,14,73,6.4,4.5
15,15,71,6.0,6.062
16,16,52,5.5,6.3
17,17,35,6.192,5.655
18,18,51,6.3,7.5
19,19,76,7.9,8.667
20,20,80,7.482,7.364
21,21,72,6.9,6.65
22,22,50,7.0,7.333
23,23,78,7.9,7.16
24,24,89,8.5,8.667
25,25,84,9.0,9.2
26,26,80,7.5,6.5
27,27,75,8.0,8.625
28,28,75,8.9,9.0
29,29,78,6.46,5.529
30,30,71,7.4,9.0
31,31,71,7.2,8.25
32,32,75,6.2,8.0
33,33,92,8.7,8.591
34,34,89,8.2,9.833
35,35,86,8.3,8.5
36,36,90,8.5,9.308
37,37,68,8.1,7.944
38,38,66,6.325,7.375
39,39,58,7.3,8.0
40,40,64,7.8,7.5
41,41,65,5.926,6.632
42,42,68,7.3,5.0
43,43,67,6.28,6.6
44,44,83,8.0,6.4
45,45,81,7.9,8.021
46,46,81,8.3,8.857
47,47,70,5.7,4.146
48,48,78,7.8,5.333
49,49,80,8.2,10.0
50,50,89,8.9,9.0
51,51,84,8.9,8.476
52,52,85,7.025,8.25
53,53,53,7.3,6.3
54,54,61,6.582,5.588
55,55,70,7.3,8.5
56,56,61,6.0,6.0
57,57,83,8.155,7.528
58,58,70,8.167,7.756
59,59,78,7.371,7.286
60,60,79,8.266,8.523
61,61,58,3.5,3.5
62,62,64,7.367,7.333
63,63,48,3.701,4.691
64,64,76,8.1,7.857
65,65,73,6.811,8.222
66,66,66,8.0,6.5
67,67,63,7.058,7.141
68,68,66,8.071,7.81
69,69,63,7.316,6.854
70,70,62,7.0,5.333
71,71,41,3.9,5.0
72,72,80,8.4,8.333
73,73,72,7.3,10.0
74,74,78,6.8,6.667
75,75,74,7.2,8.0
76,76,73,8.017,8.348
77,77,77,5.257,4.524
78,78,63,4.922,6.407
79,79,87,8.7,8.833
80,80,46,4.0,3.25
81,81,73,7.8,8.297
82,82,66,6.9,6.895
83,83,88,8.7,8.362
84,84,86,8.1,7.689
85,85,83,7.1,4.612
86,86,72,6.1,4.837
87,87,70,6.484,7.105
88,88,82,8.3,8.538
89,89,77,8.8,8.8
90,90,51,5.9,6.333
91,91,66,7.2,8.0
92,92,61,8.8,8.667
93,93,78,7.678,7.556
94,94,75,7.9,7.5
95,95,67,7.839,7.778
96,96,61,7.8,6.333
97,97,71,8.2,8.143
98,98,64,8.3,8.316
99,99,72,8.0,8.5
100,100,77,8.7,9.0
101,101,63,4.442,5.194
102,102,45,5.65,4.5
103,103,77,7.3,6.479
104,104,79,7.0,7.385
105,105,75,7.4,8.0
106,106,74,8.1,9.0
107,107,65,6.888,7.125
108,108,68,7.076,7.412
109,109,64,7.407,6.929
110,110,59,8.0,7.0
111,111,73,7.4,9.0
112,112,66,7.5,5.167
113,113,57,6.6,6.667
114,114,39,5.3,4.0
115,115,68,8.278,7.667
116,116,44,5.0,6.0
117,117,72,6.726,6.421
118,118,73,6.876,7.196
119,119,54,6.497,6.944
120,120,69,6.6,8.75
121,121,75,7.0,7.25
122,122,81,7.5,8.375
123,123,71,8.3,8.037
124,124,43,5.2,4.692
125,125,49,5.2,5.333
126,126,60,7.4,7.143
127,127,81,7.229,6.798
128,128,69,5.4,5.375
129,129,90,8.638,8.581
130,130,69,6.4,5.833
131,131,84,6.898,6.824
132,132,70,6.7,5.702
133,133,88,7.923,8.227
134,134,76,6.761,6.781
135,135,63,6.8,7.176
136,136,89,8.302,8.212
137,137,80,7.566,7.485
138,138,73,8.4,7.809
139,139,54,8.3,6.667
140,140,85,8.8,8.429
141,141,48,5.5,4.5
142,142,71,7.239,7.309
143,143,75,8.0,8.0
144,144,68,6.9,9.0
145,145,70,6.3,4.0
146,146,76,7.94,8.3
147,147,79,8.36,8.5
148,148,74,7.1,6.25
149,149,78,7.6,8.0
150,150,75,7.659,8.176
151,151,74,8.1,7.421
152,152,61,5.7,10.0
153,153,46,4.5,8.0
154,154,82,8.0,9.0
155,155,82,8.0,8.8
156,156,78,6.8,5.0
157,157,76,7.0,9.0
158,158,68,7.1,9.0
159,159,66,7.689,6.778
160,160,71,7.1,8.833
161,161,56,6.612,5.875
162,162,54,5.478,6.0
163,163,52,7.0,5.0
164,164,66,6.588,6.412
165,165,46,5.5,9.25
166,166,51,4.7,5.0
167,167,35,2.25,1.0
168,168,87,8.23,8.633
169,169,78,7.953,8.267
170,170,76,6.413,6.938
171,171,72,7.4,8.333
172,172,79,6.1,5.267
173,173,68,5.9,7.0
174,174,50,7.133,8.333
175,175,75,8.3,8.0
176,176,80,8.1,6.846
177,177,65,7.796,8.0
178,178,92,8.636,8.284
179,179,94,8.767,8.879
180,180,87,6.56,8.652
181,181,74,7.631,7.407
182,182,61,6.626,6.548
183,183,29,3.12,3.2
184,184,63,7.05,7.333
185,185,68,7.08,6.4
186,186,76,8.0,8.333
187,187,75,8.0,7.6
188,188,71,5.1,8.667
189,189,68,6.956,6.978
190,190,89,8.4,8.486
191,191,91,8.5,8.391
192,192,80,7.4,8.107
193,193,77,7.255,6.818
194,194,89,7.53,7.468
195,195,81,6.379,6.325
196,196,84,7.8,8.471
197,197,83,7.711,7.891
198,198,88,8.245,8.271
199,199,64,7.2,5.5
200,200,73,7.2,5.75
201,201,76,7.8,7.75
202,202,90,8.211,8.17
203,203,91,8.802,9.084
204,204,76,7.7,7.5
205,205,48,7.8,9.0
206,206,80,7.9,8.5
207,207,73,7.1,8.571
208,208,82,8.01,7.95
209,209,78,7.525,8.25
210,210,61,6.825,6.0
211,211,51,4.456,2.778
212,212,86,8.674,8.677
213,213,70,7.906,7.092
214,214,74,7.1,8.5
215,215,68,7.2,6.5
216,216,62,2.6,5.0
217,217,71,7.8,8.286
218,218,74,8.066,8.014
219,219,52,5.227,3.818
220,220,59,7.2,6.455
221,221,96,8.801,8.279
222,222,88,8.1,8.015
223,223,94,8.531,8.291
224,224,73,8.067,8.444
225,225,77,8.535,8.4
226,226,66,3.5,3.5
227,227,90,7.8,7.409
228,228,75,7.1,6.4
229,229,62,5.377,5.385
230,230,49,6.314,5.714
231,231,52,6.982,6.892
232,232,58,6.229,6.0
233,233,63,5.7,6.833
234,234,86,8.085,8.308
235,235,83,8.08,8.8
236,236,80,7.638,8.385
237,237,85,7.911,7.611
238,238,83,7.555,8.5
239,239,64,6.633,7.222
240,240,72,5.35,0.5
241,241,66,5.9,6.667
242,242,82,7.3,8.0
243,243,58,6.9,5.667
244,244,58,7.1,7.136
245,245,83,6.4,8.5
246,246,68,8.8,8.8
247,247,71,7.7,7.158
248,248,78,7.767,7.667
249,249,68,7.769,8.231
250,250,76,8.077,7.538
251,251,71,7.3,7.5
252,252,92,8.9,9.085
253,253,76,7.817,7.087
254,254,71,7.146,7.308
255,255,71,8.1,8.8
256,256,59,7.6,7.333
257,257,75,8.3,8.833
258,258,58,5.25,5.0
259,259,79,7.9,7.367
260,260,69,8.0,9.0
261,261,82,7.871,7.892
262,262,58,4.557,4.714
263,263,83,7.0,6.75
264,264,81,8.4,9.167
265,265,57,6.9,10.0
266,266,78,7.8,7.5
267,267,85,6.4,8.222
268,268,86,7.2,7.8
269,269,84,7.669,7.294
270,270,89,8.045,8.191
271,271,82,7.841,8.0
272,272,75,6.426,6.419
273,273,82,8.3,8.375
274,274,56,6.307,6.123
275,275,93,8.5,7.694
276,276,77,7.1,7.0
277,277,69,7.2,7.0
278,278,60,4.95,2.5
279,279,81,8.2,7.389
280,280,71,7.7,9.286
281,281,79,7.4,6.273
282,282,78,6.3,3.0
283,283,68,5.866,5.407
284,284,63,8.133,6.333
285,285,69,8.0,7.854
286,286,80,8.1,10.0
287,287,82,7.1,5.8
288,288,65,3.1,0.5
289,289,45,4.0,1.0
290,290,85,7.7,7.133
291,291,76,7.609,7.447
292,292,88,7.575,6.429
293,293,86,8.265,8.051
294,294,32,3.5,4.6
295,295,82,7.719,7.418
296,296,77,8.1,9.2
297,297,79,6.8,8.667
298,298,72,7.12,6.2
299,299,61,4.0,4.0
300,300,72,6.9,7.5
301,301,55,6.162,6.5
302,302,84,7.73,7.418
303,303,87,8.8,8.75
304,304,80,8.156,8.307
305,305,86,8.418,8.273
306,306,94,8.921,9.333
307,307,76,8.057,7.857
308,308,86,7.174,6.741
309,309,88,7.718,6.952
310,310,89,8.898,9.102
311,311,53,6.0,6.0
312,312,49,4.9,1.667
313,313,68,7.0,7.0
314,314,80,7.8,10.0
315,315,80,7.85,9.0
316,316,77,6.4,7.0
317,317,75,7.5,8.5
318,318,55,3.3,8.0
319,319,59,6.5,4.0
320,320,55,5.2,5.2
321,321,77,7.6,5.622
322,322,89,8.341,8.207
323,323,78,7.548,7.905
324,324,82,6.74,6.83
325,325,94,8.107,8.382
326,326,81,5.472,6.381
327,327,87,6.544,8.128
328,328,83,5.991,8.201
329,329,73,6.95,6.25
330,330,78,3.426,6.462
331,331,94,7.512,8.215
332,332,88,3.024,6.27
333,333,84,7.711,7.961
334,334,71,7.362,6.564
335,335,77,7.748,6.742
336,336,47,4.829,4.117
337,337,49,7.6,7.5
338,338,78,8.6,8.333
339,339,75,8.2,8.0
340,340,72,7.9,4.5
341,341,57,5.5,4.0
342,342,60,6.978,7.093
343,343,81,8.18,8.155
344,344,51,6.8,8.5
345,345,57,4.0,4.0
346,346,58,6.1,6.059
347,347,58,6.0,6.0
348,348,69,7.2,8.0
349,349,49,5.8,5.167
350,350,91,8.8,9.047
351,351,91,8.0,6.853
352,352,70,8.283,8.458
353,353,89,8.5,7.938
354,354,87,8.2,7.115
355,355,79,8.5,8.583
356,356,83,7.949,7.568
357,357,72,7.212,7.276
358,358,63,7.732,7.511
359,359,85,8.4,8.5
360,360,85,8.4,7.733
361,361,80,8.4,8.077
362,362,79,8.094,7.901
363,363,82,8.1,9.467
364,364,65,6.0,6.333
365,365,73,6.8,8.5
366,366,85,8.3,8.0
367,367,77,7.7,9.3
368,368,70,9.0,9.0
369,369,65,6.95,8.2
370,370,35,3.709,3.909
371,371,78,7.3,7.5
372,372,59,5.0,3.327
373,373,33,6.2,8.0
374,374,27,5.74,5.5
375,375,84,7.877,7.907
376,376,82,8.03,8.193
377,377,65,6.5,5.6
378,378,71,6.0,4.889
379,379,57,5.0,5.0
380,380,84,7.9,10.0
381,381,70,7.7,7.133
382,382,85,7.627,7.662
383,383,61,6.3,4.0
384,384,63,7.504,7.283
385,385,69,7.5,7.818
386,386,69,3.4,6.0
387,387,62,6.362,6.5
388,388,83,6.3,8.0
389,389,58,6.575,6.25
390,390,69,7.8,8.176
391,391,59,6.6,6.333
392,392,49,8.133,9.333
393,393,71,7.9,6.4
394,394,73,8.1,7.625
395,395,84,8.186,9.429
396,396,83,8.1,7.4
397,397,86,7.729,6.571
398,398,54,6.8,7.0
399,399,44,6.0,6.667
400,400,77,8.224,7.765
401,401,85,8.088,7.175
402,402,64,2.2,1.83
403,403,82,7.125,6.396
404,404,71,8.4,10.0
405,405,72,7.7,8.375
406,406,93,8.6,7.755
407,407,80,2.2,5.667
408,408,87,8.3,8.333
409,409,70,7.4,6.154
410,410,62,7.276,6.868
411,411,80,7.7,7.147
412,412,81,8.05,7.688
413,413,64,7.7,7.258
414,414,62,7.692,8.25
415,415,62,8.6,6.333
416,416,60,6.85,4.5
417,417,92,8.8,8.489
418,418,83,7.4,8.714
419,419,78,8.7,7.75
420,420,67,7.3,6.889
421,421,70,8.3,9.0
422,422,65,7.5,7.5
423,423,61,7.5,7.25
424,424,62,6.6,4.5
425,425,42,4.844,5.222
426,426,60,7.646,6.231
427,427,57,5.6,5.667
428,428,74,8.2,7.889
429,429,74,8.414,8.714
430,430,88,8.2,8.658
431,431,83,7.2,6.62
432,432,70,6.0,5.875
433,433,65,7.65,7.75
434,434,75,7.8,7.75
435,435,67,5.8,6.357
436,436,78,7.8,7.333
437,437,66,7.21,7.304
438,438,37,4.2,2.538
439,439,69,7.865,8.109
440,440,65,6.851,7.051
441,441,66,7.417,7.654
442,442,60,6.398,6.54
443,443,69,8.3,9.333
444,444,48,5.9,6.0
445,445,64,6.1,8.0
446,446,55,7.292,8.0
447,447,88,8.8,9.167
448,448,83,8.1,7.8
449,449,52,5.7,2.667
450,450,67,6.0,8.5
451,451,25,4.4,5.625
452,452,91,7.71,7.866
453,453,84,7.311,7.41
454,454,76,6.697,6.72
455,455,61,6.6,7.0
456,456,51,5.9,6.571
457,457,71,7.5,8.5
458,458,75,6.4,9.0
459,459,53,6.5,5.0
460,460,67,7.1,4.5
461,461,65,7.8,7.444
462,462,74,7.3,7.0
463,463,36,3.844,3.556
464,464,86,8.4,9.333
465,465,86,7.8,8.333
466,466,76,6.8,8.0
467,467,73,7.2,10.0
468,468,70,8.2,8.5
469,469,74,10.0,10.0
470,470,69,7.7,8.0
471,471,81,8.8,9.228
472,472,72,7.254,6.543
473,473,80,8.551,8.255
474,474,73,7.783,8.0
475,475,87,8.2,8.8
476,476,72,6.633,6.442
477,477,89,8.705,8.545
478,478,91,7.576,6.712
479,479,89,8.499,8.861
480,480,59,5.485,6.364
481,481,83,7.737,7.664
482,482,83,7.804,7.28
483,483,65,6.0,6.92
484,484,74,8.2,8.333
485,485,71,7.1,6.733
486,486,58,7.4,6.2
487,487,56,10.0,10.0
488,488,81,7.7,5.0
489,489,82,8.541,8.588
490,490,57,7.5,6.333
491,491,85,8.3,8.341
492,492,67,6.682,5.878
493,493,82,6.683,7.292
494,494,77,7.292,7.595
495,495,71,6.832,6.826
496,496,57,6.073,6.264
497,497,62,5.9,8.0
498,498,87,8.5,8.769
499,499,85,8.0,7.889
500,500,76,7.852,7.797
501,501,38,7.2,6.909
502,502,83,9.1,9.6
503,503,53,7.5,6.083
504,504,85,7.456,7.62
505,505,79,6.842,6.212
506,506,72,6.969,7.13
507,507,78,6.9,7.354
508,508,61,5.9,4.75
509,509,89,8.171,8.315
510,510,90,8.601,8.91
511,511,78,6.375,6.101
512,512,73,6.4,7.0
513,513,54,5.1,6.75
514,514,54,8.0,7.667
515,515,61,6.456,7.222
516,516,72,7.9,5.75
517,517,68,7.784,7.111
518,518,62,7.193,7.312
519,519,61,8.2,8.0
520,520,71,7.9,7.0
521,521,76,7.975,8.75
522,522,50,3.8,2.333
523,523,67,7.55,8.25
524,524,80,7.8,8.143
525,525,83,8.595,9.179
526,526,64,6.835,6.367
527,527,61,7.557,8.214
528,528,75,6.933,7.778
529,529,72,7.5,6.6
530,530,76,7.5,6.714
531,531,70,8.6,8.308
532,532,92,8.4,7.239
533,533,74,7.836,6.852
534,534,54,1.0,1.0
535,535,76,5.453,5.593
536,536,86,5.79,6.385
537,537,70,7.628,7.675
538,538,74,8.3,8.308
539,539,53,5.6,4.0
540,540,34,6.1,5.312
541,541,57,8.0,6.0
542,542,89,8.36,8.156
543,543,84,6.561,6.0
544,544,84,7.385,7.217
545,545,64,8.1,9.5
546,546,94,8.048,7.889
547,547,68,5.364,4.273
548,548,84,8.9,7.762
549,549,84,8.236,7.534
550,550,77,7.88,8.027
551,551,67,5.5,1.0
552,552,87,9.0,9.756
553,553,88,5.719,6.441
554,554,63,6.7,7.6
555,555,54,6.2,6.0
556,556,49,5.482,4.706
557,557,62,5.2,8.0
558,558,63,7.888,7.562
559,559,48,6.12,4.7
560,560,71,7.7,8.25
561,561,68,7.19,8.137
562,562,51,3.3,4.556
563,563,50,6.1,7.75
564,564,61,7.4,10.0
565,565,64,8.0,8.0
566,566,57,6.7,6.474
567,567,83,7.6,6.952
568,568,87,8.144,8.208
569,569,87,7.162,6.733
570,570,85,8.166,7.3
571,571,75,6.117,5.952
572,572,66,6.9,7.0
573,573,84,8.122,8.778
574,574,78,8.079,8.5
575,575,80,8.397,8.862
576,576,80,8.246,7.797
577,577,74,8.2,8.364
578,578,64,7.6,10.0
579,579,84,7.622,8.391
580,580,88,8.193,8.056
581,581,72,7.0,7.5
582,582,74,6.346,6.3
583,583,71,7.5,7.833
584,584,66,6.718,6.471
585,585,60,7.675,8.0
586,586,76,8.4,8.0
587,587,77,6.9,10.0
588,588,61,7.3,4.5
589,589,54,6.4,6.667
590,590,50,7.1,7.5
591,591,65,6.775,6.25
592,592,49,7.0,7.0
593,593,59,6.9,4.5
594,594,61,7.6,10.0
595,595,71,6.55,8.5
596,596,78,7.2,8.406
597,597,79,7.0,7.607
598,598,72,7.386,5.955
599,599,72,8.163,7.871
600,600,87,8.6,7.061
601,601,84,7.011,7.667
602,602,86,7.926,8.632
603,603,86,6.295,7.192
604,604,53,5.7,3.0
605,605,64,2.6,8.6
606,606,48,6.467,5.667
607,607,73,7.486,6.857
608,608,87,8.4,8.34
609,609,83,8.748,8.879
610,610,80,8.25,8.167
611,611,76,7.5,9.667
612,612,69,8.3,9.667
613,613,87,7.953,7.593
614,614,67,6.69,7.503
615,615,78,7.488,6.625
616,616,79,8.4,9.143
617,617,71,6.7,6.5
618,618,71,5.0,5.0
619,619,79,4.629,5.85
620,620,85,6.831,6.706
621,621,86,8.498,8.477
622,622,69,6.7,6.667
623,623,73,8.2,8.333
624,624,54,5.844,5.547
625,625,67,7.433,7.278
626,626,66,7.7,6.714
627,627,77,8.7,8.097
628,628,72,7.7,6.75
629,629,72,8.6,8.263
630,630,72,8.892,9.08
631,631,72,7.232,6.421
632,632,62,8.2,7.75
633,633,61,6.8,6.0
634,634,57,6.7,6.333
635,635,48,7.9,9.214
636,636,49,6.048,6.0
637,637,70,7.6,3.5
638,638,65,8.1,7.667
639,639,73,7.6,7.6
640,640,66,7.8,7.2
641,641,40,4.7,5.0
642,642,63,8.5,9.25
643,643,53,6.0,4.6
644,644,75,8.6,8.857
645,645,58,5.449,5.628
646,646,28,1.3,0.556
647,647,72,8.1,8.125
648,648,78,7.7,6.0
649,649,70,7.5,5.0
650,650,56,6.823,6.462
651,651,57,7.6,7.15
652,652,65,7.7,8.0
653,653,69,7.319,7.215
654,654,51,5.7,5.0
655,655,83,8.0,9.286
656,656,80,7.8,8.667
657,657,87,8.5,8.979
658,658,75,7.1,7.2
659,659,77,8.2,8.125
660,660,65,5.5,5.8
661,661,84,8.8,9.182
662,662,78,8.1,8.0
663,663,89,8.6,8.831
664,664,82,8.268,8.594
665,665,75,8.106,8.167
666,666,62,7.0,7.0
667,667,78,8.2,9.333
668,668,22,2.0,2.0
669,669,63,7.3,6.448
670,670,58,6.9,9.2
671,671,61,7.8,7.404
672,672,75,8.0,7.381
673,673,73,7.5,7.75
674,674,68,7.4,7.333
675,675,58,6.991,7.0
676,676,53,5.93,5.3
677,677,75,8.3,6.833
678,678,56,4.402,5.561
679,679,71,6.4,7.125
680,680,57,7.2,8.2
681,681,73,4.0,8.0
682,682,69,6.317,8.233
683,683,48,5.3,5.25
684,684,80,7.603,8.29
685,685,57,4.733,4.667
686,686,66,8.0,8.0
687,687,49,5.05,5.239
688,688,77,7.3,6.878
689,689,80,8.0,8.611
690,690,72,5.466,5.188
691,691,74,7.7,7.0
692,692,72,6.1,10.0
693,693,58,6.8,5.0
694,694,74,7.968,7.701
695,695,79,5.9,7.0
696,696,78,7.4,4.5
697,697,78,7.845,9.0
698,698,78,7.4,8.375
699,699,72,5.3,10.0
700,700,69,7.7,6.444
701,701,61,6.875,5.25
702,702,60,6.695,6.263
703,703,59,5.7,5.75
704,704,57,7.671,8.122
705,705,64,6.8,9.25
706,706,68,7.825,7.938
707,707,56,6.0,6.0
708,708,67,7.5,8.0
709,709,55,6.2,5.667
710,710,49,7.033,6.0
711,711,65,7.46,7.8
712,712,64,7.5,7.556
713,713,65,6.675,4.25
714,714,66,5.267,6.0
715,715,81,4.9,10.0
716,716,68,6.0,6.0
717,717,79,7.336,7.34
718,718,70,6.151,5.808
719,719,76,5.77,4.765
720,720,69,7.7,6.462
721,721,69,7.803,7.939
722,722,72,8.2,9.0
723,723,64,8.3,9.182
724,724,68,7.518,8.25
725,725,72,6.471,5.714
726,726,53,5.886,5.286
727,727,84,7.867,8.111
728,728,81,7.133,7.667
729,729,75,7.75,7.75
730,730,78,7.212,7.147
731,731,75,6.9,6.0
732,732,87,8.3,7.95
733,733,81,8.4,8.6
734,734,79,7.4,7.75
735,735,50,3.3,3.4
736,736,90,7.6,6.63
737,737,69,6.976,6.118
738,738,66,7.216,7.158
739,739,72,7.8,8.5
740,740,76,8.6,9.5
741,741,52,5.626,5.441
742,742,84,7.1,7.071
743,743,82,7.699,7.787
744,744,65,7.618,6.864
745,745,70,7.6,6.556
746,746,48,6.409,6.818
747,747,40,3.628,4.778
748,748,86,7.688,6.5
749,749,85,7.9,7.0
750,750,92,8.353,9.85
751,751,88,6.8,8.0
752,752,92,8.7,8.38
753,753,79,7.827,7.4
754,754,77,7.9,6.0
755,755,75,7.9,7.286
756,756,82,7.8,10.0
757,757,77,8.5,7.833
758,758,80,8.3,8.077
759,759,79,8.6,8.6
760,760,69,6.7,4.061
761,761,74,3.4,10.0
762,762,77,3.6,10.0
763,763,66,8.367,8.167
764,764,75,8.4,6.615
765,765,63,7.8,9.0
766,766,76,4.568,5.53
767,767,72,7.9,6.714
768,768,77,7.4,5.0
769,769,67,8.4,8.5
770,770,70,5.9,10.0
771,771,89,8.7,8.6
772,772,77,8.4,8.4
773,773,86,7.7,7.0
774,774,77,7.603,7.394
775,775,75,6.636,7.124
776,776,66,7.8,7.667
777,777,61,7.1,6.9
778,778,83,7.8,2.0
779,779,88,7.75,7.833
780,780,69,6.5,7.167
781,781,84,7.567,7.28
782,782,84,7.161,7.258
783,783,84,7.334,6.936
784,784,65,5.15,5.13
785,785,64,5.884,5.903
786,786,89,7.9,8.56
787,787,80,6.15,5.602
788,788,61,4.9,6.737
789,789,83,8.6,8.442
790,790,65,7.653,6.647
791,791,51,4.243,3.571
792,792,93,8.038,8.094
793,793,87,6.383,6.732
794,794,66,5.2,5.333
795,795,84,8.538,8.759
796,796,50,6.659,7.059
797,797,39,5.215,5.63
798,798,62,5.883,4.667
799,799,45,5.2,1.667
800,800,73,8.4,8.333
801,801,89,7.8,7.514
802,802,85,6.381,6.424
803,803,88,8.342,8.383
804,804,85,7.479,7.691
805,805,78,6.6,5.909
806,806,40,6.837,6.579
807,807,74,8.3,7.632
808,808,81,8.7,8.433
809,809,78,8.8,8.625
810,810,67,7.056,7.211
811,811,84,6.9,4.5
812,812,30,8.0,8.0
813,813,71,4.95,4.5
814,814,77,7.8,7.0
815,815,80,6.95,8.25
816,816,84,5.057,4.042
817,817,82,4.991,4.436
818,818,84,4.42,3.61
819,819,84,4.955,4.479
820,820,87,6.952,7.64
821,821,90,7.135,7.275
822,822,88,7.702,7.525
823,823,90,5.942,4.819
824,824,88,6.825,7.75
825,825,84,6.925,5.25
826,826,81,6.933,7.444
827,827,59,7.9,6.5
828,828,63,8.085,7.846
829,829,72,7.0,6.0
830,830,85,5.8,9.0
831,831,86,7.482,7.026
832,832,88,6.8,9.333
833,833,86,7.476,8.353
834,834,87,7.471,6.0
835,835,23,2.8,3.762
836,836,45,7.8,9.4
837,837,89,7.3,9.667
838,838,75,6.9,7.0
839,839,77,7.0,7.333
840,840,66,6.2,6.364
841,841,69,6.8,7.091
842,842,75,7.0,8.0
843,843,76,8.3,10.0
844,844,79,8.1,8.176
845,845,85,8.2,8.231
846,846,77,7.7,7.8
847,847,80,8.0,7.435
848,848,87,8.2,8.44
849,849,72,6.693,6.365
850,850,92,8.9,8.646
851,851,85,7.1,5.66
852,852,85,7.324,6.61
853,853,73,8.54,10.0
854,854,83,7.0,9.25
855,855,92,7.5,8.286
856,856,81,7.1,7.7
857,857,83,6.038,6.712
858,858,79,6.773,6.787
859,859,86,8.0,8.0
860,860,71,6.8,7.136
861,861,82,8.3,7.667
862,862,88,9.0,9.216
863,863,92,9.0,8.292
864,864,85,9.0,9.128
865,865,78,8.7,8.55
866,866,81,7.4,6.875
867,867,85,8.8,9.121
868,868,78,8.0,9.25
869,869,69,8.2,8.25
870,870,59,7.18,7.667
871,871,49,6.757,7.357
872,872,71,7.7,7.227
873,873,73,8.61,8.275
874,874,74,8.6,8.556
875,875,80,8.116,7.2
876,876,48,7.2,7.286
877,877,75,8.1,8.115
878,878,87,7.7,7.6
879,879,85,8.388,8.875
880,880,84,8.1,7.941
881,881,86,6.9,5.383
882,882,85,5.8,3.06
883,883,80,6.2,4.718
884,884,81,7.1,4.571
885,885,55,6.15,7.5
886,886,62,7.9,7.0
887,887,58,5.7,5.167
888,888,64,8.4,8.5
889,889,71,6.529,5.286
890,890,68,7.5,7.529
891,891,85,8.7,9.146
892,892,86,8.4,8.735
893,893,91,7.705,7.527
894,894,84,5.55,4.49
895,895,90,7.9,8.5
896,896,92,8.2,8.58
897,897,91,8.3,8.76
898,898,79,6.1,6.362
899,899,87,7.8,7.265
900,900,70,8.3,9.429
901,901,68,7.8,8.375
902,902,57,5.2,3.706
903,903,67,8.4,8.579
904,904,64,8.0,8.0
905,905,81,7.592,8.542
906,906,73,8.2,7.184
907,907,81,8.0,7.8
908,908,85,8.9,9.028
909,909,83,6.6,8.0
910,910,54,6.1,6.5
911,911,71,7.505,7.05
912,912,75,8.6,8.5
913,913,58,5.777,5.333
914,914,75,6.512,5.882
915,915,35,2.6,2.5
916,916,70,7.5,7.833
917,917,67,6.2,7.875
918,918,84,7.04,6.4
919,919,67,5.9,6.5
920,920,56,6.3,6.333
921,921,58,5.1,8.0
922,922,50,7.083,8.5
923,923,64,5.5,8.4
924,924,59,6.971,7.286
925,925,61,6.1,4.0
926,926,70,7.2,6.5
927,927,49,6.4,6.833
928,928,42,3.7,6.0
929,929,62,7.4,7.5
930,930,61,6.7,6.839
931,931,71,7.7,6.0
932,932,52,5.875,6.465
933,933,25,3.1,2.714
934,934,29,6.1,6.25
935,935,52,6.7,3.667
936,936,60,8.3,10.0
937,937,60,8.02,9.2
938,938,59,6.533,5.0
939,939,94,7.939,8.12
940,940,93,8.4,9.043
941,941,91,8.1,8.935
942,942,79,5.8,6.404
943,943,82,6.545,6.621
944,944,74,8.7,8.778
945,945,55,6.3,5.375
946,946,83,8.7,9.75
947,947,80,6.1,7.667
948,948,54,7.371,7.294
949,949,69,7.8,7.5
950,950,83,8.291,9.279
951,951,78,7.939,8.1
952,952,85,8.4,8.5
953,953,59,8.4,9.2
954,954,65,7.967,8.0
955,955,69,7.2,8.0
956,956,64,7.73,8.913
957,957,62,6.6,6.128
958,958,70,7.833,6.333
959,959,69,6.979,5.552
960,960,70,7.047,7.263
961,961,94,8.782,8.518
962,962,91,8.429,7.829
963,963,93,9.1,9.089
964,964,92,9.0,9.049
965,965,80,7.8,7.682
966,966,91,8.5,8.476
967,967,86,8.8,8.842
968,968,84,8.8,8.806
969,969,71,8.0,9.333
970,970,73,7.715,7.538
971,971,53,10.0,10.0
972,972,63,8.467,8.667
973,973,45,5.3,5.2
974,974,91,8.8,9.082
975,975,79,8.1,7.571
976,976,81,7.68,7.6
977,977,72,6.09,5.714
978,978,61,6.594,6.778
979,979,80,8.0,6.783
980,980,63,7.3,6.643
981,981,66,8.3,8.417
982,982,78,8.5,9.0
983,983,82,9.0,9.429
984,984,95,8.4,8.5
985,985,89,9.2,8.894
986,986,84,7.8,7.347
987,987,80,6.2,3.778
988,988,81,8.0,6.633
989,989,78,7.625,7.375
990,990,76,10.0,10.0
991,991,97,7.998,7.732
992,992,98,8.001,8.716
993,993,97,7.075,7.439
994,994,93,7.6,7.817
995,995,88,8.008,7.776
996,996,95,8.703,8.382
997,997,95,8.751,8.831
998,998,86,8.044,7.232
999,999,71,8.36,9.35
1000,1000,77,8.2,7.667
1001,1001,68,8.0,7.6
1002,1002,83,8.6,8.583
1003,1003,80,8.2,7.854
1004,1004,72,7.7,7.278
1005,1005,75,7.96,8.6
1006,1006,59,5.846,6.243
1007,1007,73,5.649,6.135
1008,1008,78,6.097,5.915
1009,1009,75,6.815,6.495
1010,1010,81,8.5,8.333
1011,1011,60,8.0,9.0
1012,1012,77,7.0,7.0
1013,1013,41,7.8,8.5
1014,1014,89,8.2,8.61
1015,1015,90,8.0,5.652
1016,1016,73,7.0,5.0
1017,1017,77,5.9,8.0
1018,1018,79,7.8,8.667
1019,1019,87,8.2,8.5
1020,1020,86,8.348,8.8
1021,1021,76,7.538,9.125
1022,1022,91,8.1,7.538
1023,1023,85,5.78,5.95
1024,1024,69,7.0,6.714
1025,1025,92,8.2,8.609
1026,1026,85,8.153,8.288
1027,1027,80,5.818,5.449
1028,1028,70,7.4,7.0
1029,1029,70,6.425,6.188
1030,1030,84,8.071,9.071
1031,1031,71,6.5,8.0
1032,1032,72,6.6,7.667
1033,1033,71,7.017,7.167
1034,1034,57,6.675,7.0
1035,1035,72,7.038,6.881
1036,1036,79,8.241,8.37
1037,1037,63,6.3,4.0
1038,1038,65,7.7,8.286
1039,1039,73,5.9,5.0
1040,1040,96,8.921,9.134
1041,1041,84,8.1,7.667
1042,1042,95,7.886,8.095
1043,1043,89,9.3,8.0
1044,1044,94,8.403,8.645
1045,1045,83,7.7,8.109
1046,1046,87,7.224,7.288
1047,1047,84,6.4,6.319
1048,1048,82,7.6,7.938
1049,1049,97,8.353,8.0
1050,1050,82,7.586,7.286
1051,1051,91,8.4,9.2
1052,1052,85,7.656,7.042
1053,1053,77,7.8,9.0
1054,1054,72,7.6,9.75
1055,1055,46,4.245,4.0
1056,1056,71,7.919,7.25
1057,1057,68,4.786,4.568
1058,1058,64,4.989,5.815
1059,1059,68,4.626,4.029
1060,1060,70,7.706,6.903
1061,1061,56,7.28,6.82
1062,1062,68,7.083,7.083
1063,1063,74,7.7,7.882
1064,1064,65,8.1,9.0
1065,1065,79,7.078,8.889
1066,1066,76,8.7,9.667
1067,1067,81,7.3,9.833
1068,1068,83,7.8,9.0
1069,1069,82,7.6,10.0
1070,1070,76,7.4,5.0
1071,1071,63,6.614,6.143
1072,1072,65,7.3,7.2
1073,1073,60,5.867,4.0
1074,1074,63,3.7,3.0
1075,1075,81,8.17,9.023
1076,1076,78,8.616,9.211
1077,1077,78,7.643,6.571
1078,1078,80,8.3,8.056
1079,1079,69,7.7,7.0
1080,1080,55,5.0,4.152
1081,1081,74,8.4,8.0
1082,1082,77,7.3,6.297
1083,1083,83,7.8,7.977
1084,1084,62,7.5,7.25
1085,1085,79,7.4,6.333
1086,1086,87,8.019,7.62
1087,1087,44,4.55,5.625
1088,1088,70,6.9,7.0
1089,1089,64,7.8,7.667
1090,1090,65,8.0,7.5
1091,1091,82,6.7,9.25
1092,1092,66,7.7,8.0
1093,1093,77,8.1,7.512
1094,1094,69,7.3,7.909
1095,1095,76,6.986,8.286
1096,1096,68,7.3,9.5
1097,1097,56,5.0,5.0
1098,1098,84,8.114,7.879
1099,1099,79,7.375,7.396
1100,1100,82,8.694,8.289
1101,1101,78,7.784,7.279
1102,1102,70,5.836,5.518
1103,1103,54,4.352,5.333
1104,1104,47,5.9,4.444
1105,1105,83,8.7,9.0
1106,1106,86,8.0,6.388
1107,1107,85,7.0,7.75
1108,1108,80,8.6,9.5
1109,1109,81,7.4,10.0
1110,1110,76,8.121,8.5
1111,1111,70,7.2,7.333
1112,1112,80,7.5,9.333
1113,1113,43,6.782,8.0
1114,1114,63,7.282,8.0
1115,1115,78,8.5,8.4
1116,1116,37,3.3,3.818
1117,1117,71,6.33,6.9
1118,1118,61,6.375,6.484
1119,1119,79,6.25,5.333
1120,1120,68,7.2,6.2
1121,1121,45,6.7,8.08
1122,1122,71,7.1,6.333
1123,1123,55,7.6,7.667
1124,1124,76,7.956,7.581
1125,1125,73,7.808,8.538
1126,1126,47,5.9,4.0
1127,1127,68,7.692,8.0
1128,1128,68,7.108,7.333
1129,1129,83,8.3,7.667
1130,1130,90,8.6,8.234
1131,1131,85,7.961,8.348
1132,1132,91,8.6,8.5
1133,1133,86,8.5,8.667
1134,1134,80,6.0,5.75
1135,1135,72,8.5,10.0
1136,1136,78,8.0,8.053
1137,1137,59,8.2,8.333
1138,1138,73,8.031,6.875
1139,1139,55,7.3,5.842
1140,1140,84,8.264,7.094
1141,1141,85,8.2,8.364
1142,1142,83,8.6,8.814
1143,1143,80,8.0,8.0
1144,1144,75,7.4,8.4
1145,1145,68,7.2,6.714
1146,1146,81,7.856,8.078
1147,1147,67,7.6,7.25
1148,1148,52,6.0,4.0
1149,1149,46,3.1,3.0
1150,1150,51,7.3,6.0
1151,1151,53,6.475,6.39
1152,1152,69,7.7,8.75
1153,1153,53,7.1,7.5
1154,1154,78,8.2,8.0
1155,1155,41,4.187,3.867
1156,1156,74,7.067,8.667
1157,1157,69,6.4,5.6
1158,1158,58,7.825,8.25
1159,1159,76,6.9,8.0
1160,1160,89,8.066,7.406
1161,1161,84,8.7,8.457
1162,1162,71,6.279,4.034
1163,1163,90,8.7,8.067
1164,1164,87,8.3,7.83
1165,1165,76,7.9,6.864
1166,1166,72,7.314,7.241
1167,1167,83,8.058,8.167
1168,1168,60,6.6,6.5
1169,1169,51,7.38,7.1
1170,1170,87,8.242,7.579
1171,1171,36,3.0,3.0
1172,1172,92,8.247,8.11
1173,1173,39,5.2,5.375
1174,1174,57,7.0,7.2
1175,1175,68,7.206,7.059
1176,1176,68,6.793,6.467
1177,1177,69,8.448,8.143
1178,1178,54,4.422,4.858
1179,1179,73,6.395,6.079
1180,1180,81,7.769,7.629
1181,1181,74,6.511,7.128
1182,1182,49,6.0,6.0
1183,1183,74,7.3,8.9
1184,1184,70,6.546,5.958
1185,1185,70,7.378,7.667
1186,1186,77,7.606,7.353
1187,1187,68,7.733,9.067
1188,1188,79,8.1,7.35
1189,1189,63,5.57,5.507
1190,1190,65,6.146,5.772
1191,1191,65,7.0,8.091
1192,1192,58,7.5,7.556
1193,1193,86,8.7,8.562
1194,1194,74,7.6,8.286
1195,1195,71,8.1,7.4
1196,1196,83,8.7,8.851
1197,1197,73,7.31,7.2
1198,1198,64,7.194,7.45
1199,1199,74,8.67,8.651
1200,1200,70,7.2,5.837
1201,1201,91,7.8,7.896
1202,1202,84,8.0,7.674
1203,1203,77,7.4,8.786
1204,1204,78,8.8,9.021
1205,1205,73,6.7,5.583
1206,1206,61,6.3,6.435
1207,1207,52,5.4,5.0
1208,1208,73,7.7,8.76
1209,1209,60,5.0,5.533
1210,1210,66,7.0,7.909
1211,1211,55,3.9,5.822
1212,1212,73,5.0,6.6
1213,1213,74,4.9,9.0
1214,1214,77,6.1,6.667
1215,1215,59,5.1,5.25
1216,1216,64,7.1,7.0
1217,1217,82,8.5,8.0
1218,1218,60,8.5,8.909
1219,1219,85,8.5,7.766
1220,1220,75,7.7,6.51
1221,1221,87,8.9,9.14
1222,1222,66,6.6,6.062
1223,1223,82,8.1,7.9
1224,1224,76,7.3,7.85
1225,1225,72,7.4,6.8
1226,1226,55,4.7,3.5
1227,1227,78,6.9,8.0
1228,1228,81,8.0,8.333
1229,1229,80,7.41,7.627
1230,1230,80,8.5,7.957
1231,1231,61,8.2,8.343
1232,1232,73,8.0,7.729
1233,1233,76,8.7,9.043
1234,1234,86,8.5,8.408
1235,1235,86,7.4,7.0
1236,1236,81,8.3,7.963
1237,1237,81,8.7,9.267
1238,1238,80,8.5,8.553
1239,1239,91,8.4,9.188
1240,1240,54,6.4,5.809
1241,1241,49,6.257,5.714
1242,1242,76,8.05,7.0
1243,1243,77,8.8,9.143
1244,1244,68,6.6,5.0
1245,1245,78,8.5,8.0
1246,1246,82,6.9,10.0
1247,1247,69,5.9,8.0
1248,1248,68,8.6,9.5
1249,1249,69,8.3,6.25
1250,1250,89,7.912,7.795
1251,1251,83,8.0,7.59
1252,1252,59,7.0,6.0
1253,1253,79,8.1,8.333
1254,1254,53,6.6,6.692
1255,1255,32,6.3,6.545
1256,1256,74,6.278,6.37
1257,1257,52,6.562,5.962
1258,1258,44,4.7,1.5
1259,1259,89,8.093,8.159
1260,1260,89,8.349,8.72
1261,1261,75,8.667,7.333
1262,1262,67,6.8,9.0
1263,1263,72,5.267,6.667
1264,1264,62,6.7,4.5
1265,1265,60,8.214,8.286
1266,1266,47,6.5,5.382
1267,1267,55,7.5,7.5
1268,1268,51,7.0,7.0
1269,1269,79,7.677,8.32
1270,1270,73,6.848,6.671
1271,1271,76,8.168,8.899
1272,1272,65,7.5,8.333
1273,1273,59,7.8,8.75
1274,1274,80,7.899,7.862
1275,1275,80,7.089,7.321
1276,1276,79,7.463,7.205
1277,1277,77,7.496,7.592
1278,1278,71,6.9,6.638
1279,1279,77,7.61,8.15
1280,1280,70,7.288,7.527
1281,1281,80,7.83,7.341
1282,1282,71,7.036,7.812
1283,1283,73,7.323,7.65
1284,1284,71,7.462,7.5
1285,1285,81,7.489,7.289
1286,1286,75,7.449,7.886
1287,1287,80,8.401,8.376
1288,1288,78,7.094,7.315
1289,1289,72,6.466,6.39
1290,1290,80,7.735,7.431
1291,1291,62,5.862,7.875
1292,1292,63,6.244,5.111
1293,1293,70,6.3,7.8
1294,1294,85,8.6,8.763
1295,1295,66,6.62,6.528
1296,1296,68,6.7,7.588
1297,1297,71,6.9,6.5
1298,1298,57,5.4,5.5
1299,1299,87,8.3,9.25
1300,1300,95,8.038,8.692
1301,1301,91,8.6,9.261
1302,1302,79,7.207,6.829
1303,1303,73,7.1,6.837
1304,1304,88,8.6,9.041
1305,1305,80,6.0,6.333
1306,1306,85,8.225,8.375
1307,1307,70,7.149,7.479
1308,1308,40,5.717,4.417
1309,1309,51,7.6,7.625
1310,1310,66,7.0,6.0
1311,1311,72,8.6,9.273
1312,1312,53,7.2,7.714
1313,1313,75,6.423,5.483
1314,1314,72,7.7,7.75
1315,1315,77,7.6,7.4
1316,1316,69,7.3,7.0
1317,1317,59,7.3,2.0
1318,1318,54,6.5,7.0
1319,1319,68,9.1,8.833
1320,1320,72,8.2,7.75
1321,1321,68,6.8,7.25
1322,1322,78,8.4,8.44
1323,1323,68,6.378,7.221
1324,1324,58,5.998,6.535
1325,1325,79,6.791,6.372
1326,1326,55,5.828,6.167
1327,1327,80,7.8,7.2
1328,1328,74,8.364,8.607
1329,1329,86,8.4,7.844
1330,1330,83,7.8,8.474
1331,1331,70,6.7,6.6
1332,1332,73,8.3,8.333
1333,1333,82,7.1,6.0
1334,1334,79,6.3,7.0
1335,1335,59,4.2,2.75
1336,1336,80,8.3,8.5
1337,1337,67,6.5,8.0
1338,1338,85,8.341,8.275
1339,1339,74,6.785,5.308
1340,1340,80,7.338,7.619
1341,1341,85,8.337,9.22
1342,1342,83,5.643,4.429
1343,1343,85,6.9,6.118
1344,1344,84,6.318,6.643
1345,1345,78,5.996,5.95
1346,1346,81,5.965,5.696
1347,1347,81,6.193,5.87
1348,1348,83,5.892,5.231
1349,1349,82,4.667,4.333
1350,1350,94,4.8,9.0
1351,1351,95,6.58,9.2
1352,1352,94,6.185,9.538
1353,1353,91,7.325,6.917
1354,1354,49,5.1,6.75
1355,1355,81,8.3,8.256
1356,1356,66,8.875,8.189
1357,1357,74,8.119,8.214
1358,1358,74,7.3,5.0
1359,1359,69,6.7,7.25
1360,1360,74,7.6,7.042
1361,1361,69,6.5,6.364
1362,1362,66,5.6,8.0
1363,1363,68,7.1,5.0
1364,1364,67,4.2,6.0
1365,1365,72,7.3,7.154
1366,1366,72,7.824,8.571
1367,1367,76,8.2,8.25
1368,1368,69,6.535,6.696
1369,1369,68,6.137,5.421
1370,1370,70,8.75,8.25
1371,1371,64,3.0,4.5
1372,1372,77,8.2,9.0
1373,1373,70,8.2,9.333
1374,1374,76,8.12,8.078
1375,1375,62,7.847,7.667
1376,1376,74,7.1,6.333
1377,1377,71,8.1,8.0
1378,1378,90,8.7,8.381
1379,1379,81,8.3,8.196
1380,1380,76,7.3,6.696
1381,1381,86,8.5,8.512
1382,1382,90,8.5,8.49
1383,1383,66,7.423,7.026
1384,1384,67,7.324,6.793
1385,1385,72,7.963,7.971
1386,1386,60,7.195,6.459
1387,1387,84,8.1,8.429
1388,1388,81,8.2,8.238
1389,1389,78,8.1,8.542
1390,1390,85,8.2,7.578
1391,1391,88,8.9,8.191
1392,1392,91,8.7,9.0
1393,1393,82,8.6,8.98
1394,1394,87,8.7,8.49
1395,1395,93,7.7,6.688
1396,1396,66,6.3,5.25
1397,1397,70,7.7,7.929
1398,1398,69,7.6,8.083
1399,1399,71,8.0,8.192
1400,1400,64,7.7,8.571
1401,1401,62,6.7,7.109
1402,1402,73,6.9,6.75
1403,1403,54,5.0,5.286
1404,1404,72,7.8,7.58
1405,1405,57,6.0,5.468
1406,1406,62,4.0,2.2
1407,1407,80,7.919,7.476
1408,1408,64,8.0,8.148
1409,1409,79,8.2,8.0
1410,1410,69,8.0,8.366
1411,1411,76,8.4,7.727
1412,1412,69,6.9,6.829
1413,1413,81,8.6,9.091
1414,1414,76,7.137,7.895
1415,1415,76,7.3,6.0
1416,1416,62,5.98,4.8
1417,1417,58,6.953,6.333
1418,1418,49,5.56,5.6
1419,1419,55,4.86,5.2
1420,1420,85,7.188,7.593
1421,1421,78,7.86,8.2
1422,1422,82,7.849,8.17
1423,1423,73,6.556,6.442
1424,1424,91,8.499,8.243
1425,1425,96,8.832,9.029
1426,1426,93,6.32,7.945
1427,1427,56,8.0,8.0
1428,1428,76,8.4,6.0
1429,1429,89,8.77,8.695
1430,1430,86,8.67,8.493
1431,1431,86,7.901,8.396
1432,1432,83,7.8,7.333
1433,1433,84,8.7,8.5
1434,1434,75,7.9,5.5
1435,1435,76,9.0,9.0
1436,1436,87,7.9,8.778
1437,1437,81,8.1,8.0
1438,1438,74,6.961,7.248
1439,1439,71,7.1,8.1
1440,1440,73,6.7,7.25
1441,1441,73,7.269,7.0
1442,1442,72,7.78,8.067
1443,1443,88,8.189,8.658
1444,1444,80,7.4,10.0
1445,1445,68,6.943,6.714
1446,1446,63,6.7,7.75
1447,1447,53,5.681,6.268
1448,1448,88,9.0,9.043
1449,1449,66,8.3,7.412
1450,1450,79,7.6,6.778
1451,1451,81,7.371,8.857
1452,1452,79,6.8,7.4
1453,1453,81,7.0,8.5
1454,1454,80,7.0,7.563
1455,1455,79,8.8,8.867
1456,1456,65,5.8,6.0
1457,1457,82,8.9,7.818
1458,1458,73,7.4,9.2
1459,1459,65,6.7,6.037
1460,1460,58,4.3,4.304
1461,1461,68,8.0,7.5
1462,1462,69,7.257,7.857
1463,1463,82,8.1,8.6
1464,1464,81,7.7,4.714
1465,1465,77,8.0,6.4
1466,1466,77,7.8,7.0
1467,1467,78,8.2,9.0
1468,1468,76,8.2,7.727
1469,1469,78,8.0,8.714
1470,1470,61,6.356,6.333
1471,1471,50,6.9,7.75
1472,1472,80,8.2,7.357
1473,1473,77,8.1,8.5
1474,1474,72,6.641,6.366
1475,1475,86,8.05,8.688
1476,1476,77,8.0,8.333
1477,1477,82,8.391,8.364
1478,1478,80,8.238,8.978
1479,1479,96,8.9,9.0
1480,1480,87,8.554,8.083
1481,1481,91,7.921,8.372
1482,1482,94,8.5,9.556
1483,1483,94,8.7,8.935
1484,1484,81,8.5,9.122
1485,1485,75,6.398,6.086
1486,1486,93,7.769,7.787
1487,1487,89,8.5,8.62
1488,1488,87,7.7,7.652
1489,1489,65,6.8,6.0
1490,1490,85,8.7,8.806
1491,1491,76,7.148,7.13
1492,1492,69,8.32,7.8
1493,1493,70,7.5,8.0
1494,1494,79,8.3,7.75
1495,1495,73,7.578,7.312
1496,1496,85,8.411,8.895
1497,1497,88,7.8,9.333
1498,1498,77,7.831,7.675
1499,1499,82,8.319,7.963
1500,1500,92,8.8,8.435
1501,1501,97,9.1,8.787
1502,1502,92,8.8,8.62
1503,1503,90,8.7,8.438
1504,1504,79,7.5,7.25
1505,1505,79,6.7,6.263
1506,1506,89,9.0,8.814
1507,1507,56,8.3,7.0
1508,1508,64,7.3,10.0
1509,1509,80,7.4,6.357
1510,1510,84,7.9,7.607
1511,1511,84,8.662,8.6
1512,1512,85,9.094,8.941
1513,1513,85,8.138,8.808
1514,1514,79,7.8,7.143
1515,1515,81,8.189,7.262
1516,1516,76,8.1,7.0
1517,1517,74,7.786,9.0
1518,1518,74,7.0,5.667
1519,1519,68,8.0,8.0
1520,1520,63,6.3,8.0
1521,1521,71,7.3,6.62
1522,1522,86,7.737,7.732
1523,1523,52,3.6,5.0
1524,1524,59,7.1,6.667
1525,1525,43,1.595,1.762
1526,1526,93,7.501,7.791
1527,1527,73,7.734,8.586
1528,1528,50,6.3,6.167
1529,1529,79,7.8,7.322
1530,1530,69,5.768,6.2
1531,1531,65,6.3,8.714
1532,1532,80,4.2,8.0
1533,1533,85,5.45,8.5
1534,1534,90,6.3,4.0
1535,1535,91,6.692,7.538
1536,1536,90,7.655,8.828
1537,1537,87,7.896,8.326
1538,1538,87,7.878,8.525
1539,1539,81,7.393,7.661
1540,1540,80,7.692,7.216
1541,1541,83,10.0,10.0
1542,1542,79,7.75,8.333
1543,1543,33,4.9,5.667
1544,1544,66,7.8,7.0
1545,1545,73,7.8,7.5
1546,1546,82,7.938,8.25
1547,1547,62,6.3,7.0
1548,1548,66,5.843,5.071
1549,1549,47,5.8,6.0
1550,1550,59,6.6,6.0
1551,1551,68,7.5,7.0
1552,1552,86,8.7,8.58
1553,1553,71,6.2,9.667
1554,1554,72,7.1,5.857
1555,1555,81,8.4,8.912
1556,1556,84,8.2,8.108
1557,1557,43,6.14,6.0
1558,1558,47,5.3,4.0
1559,1559,73,7.1,7.2
1560,1560,77,7.0,9.0
1561,1561,72,6.7,6.435
1562,1562,83,7.055,6.737
1563,1563,75,7.984,7.591
1564,1564,79,7.375,7.458
1565,1565,81,8.159,7.923
1566,1566,77,8.785,9.103
1567,1567,69,6.0,6.0
1568,1568,65,6.625,6.25
1569,1569,73,4.867,4.5
1570,1570,87,7.8,9.0
1571,1571,84,7.5,6.973
1572,1572,77,7.9,7.957
1573,1573,79,8.1,7.056
1574,1574,82,8.4,8.324
1575,1575,72,8.1,7.5
1576,1576,78,8.8,8.383
1577,1577,70,5.2,6.5
1578,1578,79,8.525,8.0
1579,1579,55,6.986,7.429
1580,1580,57,7.5,4.0
1581,1581,81,8.237,8.093
1582,1582,59,6.993,6.782
1583,1583,64,7.9,9.667
1584,1584,72,8.5,8.1
1585,1585,90,5.25,7.5
1586,1586,86,7.033,9.333
1587,1587,80,5.683,7.167
1588,1588,75,6.6,7.778
1589,1589,79,7.786,7.714
1590,1590,70,6.933,6.0
1591,1591,68,7.2,7.545
1592,1592,78,7.2,7.333
1593,1593,76,7.7,6.0
1594,1594,68,5.4,6.0
1595,1595,83,8.1,7.556
1596,1596,65,6.0,6.0
1597,1597,65,7.4,7.75
1598,1598,69,7.6,9.0
1599,1599,67,8.2,10.0
1600,1600,83,8.033,6.333
1601,1601,72,7.4,8.0
1602,1602,73,8.3,10.0
1603,1603,67,5.8,3.75
1604,1604,53,7.8,9.5
1605,1605,49,7.4,9.5
1606,1606,73,7.7,8.75
1607,1607,75,7.6,8.25
1608,1608,81,7.9,7.542
1609,1609,51,4.15,4.0
1610,1610,38,3.3,2.0
1611,1611,57,4.7,3.667
1612,1612,60,5.5,3.0
1613,1613,64,7.0,6.0
1614,1614,49,4.9,5.0
1615,1615,55,3.7,2.5
1616,1616,61,6.5,6.857
1617,1617,59,7.6,8.588
1618,1618,76,8.207,8.317
1619,1619,77,7.755,7.101
1620,1620,79,7.946,7.15
1621,1621,74,6.963,7.783
1622,1622,73,7.107,6.507
1623,1623,72,6.9,5.5
1624,1624,74,7.7,8.5
1625,1625,74,7.4,7.6
1626,1626,72,8.1,8.0
1627,1627,60,6.6,7.5
1628,1628,56,5.8,5.571
1629,1629,61,4.0,4.0
1630,1630,57,5.5,8.333
1631,1631,62,6.6,7.0
1632,1632,78,7.7,7.733
1633,1633,80,8.1,8.429
1634,1634,75,7.0,6.875
1635,1635,73,7.4,7.857
1636,1636,75,8.4,7.75
1637,1637,70,5.9,6.0
1638,1638,75,7.093,6.929
1639,1639,52,7.0,5.5
1640,1640,59,4.75,3.25
1641,1641,69,4.267,5.333
1642,1642,62,4.282,3.636
1643,1643,78,8.0,8.0
1644,1644,70,9.0,9.0
1645,1645,72,4.353,4.765
1646,1646,84,7.6,9.0
1647,1647,88,6.822,9.222
1648,1648,84,7.15,9.0
1649,1649,53,6.321,6.857
1650,1650,43,5.269,5.345
1651,1651,82,7.277,7.077
1652,1652,89,8.119,7.922
1653,1653,90,7.209,6.75
1654,1654,88,7.492,6.515
1655,1655,84,5.604,4.267
1656,1656,83,6.23,5.548
1657,1657,87,6.391,5.027
1658,1658,88,6.116,5.657
1659,1659,81,7.675,7.0
1660,1660,84,6.78,8.0
1661,1661,81,4.733,5.0
1662,1662,84,6.986,7.857
1663,1663,83,7.0,9.0
1664,1664,71,8.8,10.0
1665,1665,64,7.36,6.4
1666,1666,59,7.1,7.0
1667,1667,73,5.486,4.857
1668,1668,75,6.2,7.0
1669,1669,80,7.167,8.667
1670,1670,43,2.718,3.605
1671,1671,59,6.282,6.971
1672,1672,83,7.36,8.0
1673,1673,86,6.9,6.0
1674,1674,85,7.95,7.5
1675,1675,89,7.05,9.5
1676,1676,80,5.98,7.6
1677,1677,89,8.4,8.8
1678,1678,90,7.957,8.786
1679,1679,75,8.55,8.5
1680,1680,87,7.9,9.667
1681,1681,79,8.7,9.0
1682,1682,81,5.8,10.0
1683,1683,83,7.6,8.6
1684,1684,83,7.8,7.8
1685,1685,86,7.638,6.462
1686,1686,82,6.25,6.562
1687,1687,76,5.56,5.886
1688,1688,77,6.475,6.887
1689,1689,89,5.6,9.75
1690,1690,88,6.9,8.0
1691,1691,35,5.091,5.273
1692,1692,74,7.4,7.0
1693,1693,88,7.151,6.829
1694,1694,89,7.985,8.0
1695,1695,84,6.318,5.858
1696,1696,69,6.8,6.833
1697,1697,72,7.304,8.541
1698,1698,83,6.509,6.989
1699,1699,68,6.335,6.437
1700,1700,64,5.922,5.505
1701,1701,65,6.8,5.0
1702,1702,66,7.667,7.667
1703,1703,70,2.0,2.0
1704,1704,61,8.7,8.143
1705,1705,66,5.6,6.75
1706,1706,67,0.0,0.0
1707,1707,71,7.3,7.905
1708,1708,52,5.409,5.63
1709,1709,91,8.2,7.809
1710,1710,82,7.4,6.36
1711,1711,82,8.4,9.435
1712,1712,77,8.0,8.224
1713,1713,89,8.5,8.409
1714,1714,78,7.1,6.617
1715,1715,84,7.9,6.979
1716,1716,87,8.2,7.939
1717,1717,87,6.8,10.0
1718,1718,81,8.18,9.8
1719,1719,78,8.917,8.5
1720,1720,70,7.967,8.0
1721,1721,79,8.06,9.0
1722,1722,85,7.4,3.5
1723,1723,88,5.9,7.0
1724,1724,88,7.9,9.0
1725,1725,88,7.5,7.971
1726,1726,86,7.321,6.465
1727,1727,83,6.678,5.922
1728,1728,81,6.158,4.952
1729,1729,60,3.4,3.14
1730,1730,78,5.732,4.037
1731,1731,78,5.246,4.135
1732,1732,92,7.283,9.5
1733,1733,79,7.367,7.667
1734,1734,85,7.457,9.286
1735,1735,77,7.525,7.25
1736,1736,69,6.0,6.5
1737,1737,79,8.95,9.5
1738,1738,81,6.66,9.0
1739,1739,76,8.9,8.333
1740,1740,85,8.241,7.302
1741,1741,59,7.065,7.471
1742,1742,67,8.606,8.671
1743,1743,67,7.7,8.0
1744,1744,69,8.3,8.0
1745,1745,61,8.0,8.0
1746,1746,68,6.248,6.111
1747,1747,58,4.746,5.444
1748,1748,94,8.8,9.28
1749,1749,81,8.1,8.225
1750,1750,72,7.462,7.867
1751,1751,83,7.721,7.372
1752,1752,83,7.8,8.4
1753,1753,49,4.7,5.5
1754,1754,80,8.1,7.0
1755,1755,77,8.0,8.521
1756,1756,70,7.3,7.0
1757,1757,71,6.559,7.941
1758,1758,83,8.367,8.055
1759,1759,84,8.245,8.362
1760,1760,70,8.0,10.0
1761,1761,80,7.738,8.077
1762,1762,66,8.315,8.423
1763,1763,66,7.811,8.0
1764,1764,62,6.2,0.0
1765,1765,80,7.333,6.75
1766,1766,88,7.833,8.222
1767,1767,83,8.4,8.364
1768,1768,70,7.7,8.333
1769,1769,93,8.871,8.94
1770,1770,82,8.2,7.714
1771,1771,54,4.735,3.855
1772,1772,66,7.056,7.306
1773,1773,64,7.3,6.714
1774,1774,74,7.357,7.469
1775,1775,67,7.9,7.4
1776,1776,71,7.183,8.278
1777,1777,57,6.475,7.139
1778,1778,39,6.1,4.556
1779,1779,55,7.7,8.0
1780,1780,84,8.4,8.0
1781,1781,85,8.519,7.692
1782,1782,64,7.8,8.0
1783,1783,81,8.5,8.6
1784,1784,71,6.692,7.188
1785,1785,59,7.611,8.222
1786,1786,66,7.3,5.5
1787,1787,77,5.663,5.212
1788,1788,69,5.337,4.729
1789,1789,65,8.0,6.667
1790,1790,76,7.2,7.5
1791,1791,55,8.0,9.0
1792,1792,78,7.8,8.8
1793,1793,80,7.4,9.667
1794,1794,48,7.7,8.714
1795,1795,81,8.46,8.5
1796,1796,71,6.8,8.75
1797,1797,52,10.0,10.0
1798,1798,76,8.094,8.059
1799,1799,75,7.856,7.24
1800,1800,68,7.3,6.333
1801,1801,72,8.6,7.667
1802,1802,91,6.175,6.219
1803,1803,71,8.0,8.0
1804,1804,72,8.5,8.333
1805,1805,60,6.6,8.375
1806,1806,58,6.006,7.0
1807,1807,59,6.24,4.4
1808,1808,79,8.2,7.75
1809,1809,47,6.3,7.0
1810,1810,59,5.532,6.08
1811,1811,73,7.581,7.286
1812,1812,63,7.128,7.278
1813,1813,54,8.056,8.667
1814,1814,71,7.5,6.75
1815,1815,81,8.2,8.216
1816,1816,64,6.5,6.684
1817,1817,73,8.1,8.407
1818,1818,90,8.6,8.375
1819,1819,75,5.4,5.447
1820,1820,88,8.7,8.854
1821,1821,67,8.1,8.654
1822,1822,71,8.2,7.4
1823,1823,70,5.9,4.5
1824,1824,86,7.041,5.864
1825,1825,81,8.6,8.417
1826,1826,74,7.3,7.062
1827,1827,79,4.956,5.949
1828,1828,51,8.0,8.0
1829,1829,81,6.4,5.4
1830,1830,76,8.1,8.515
1831,1831,93,8.9,8.422
1832,1832,83,7.7,6.929
1833,1833,81,6.2,10.0
1834,1834,80,7.752,7.688
1835,1835,76,8.5,7.0
1836,1836,85,7.22,10.0
1837,1837,71,7.5,9.5
1838,1838,80,8.4,10.0
1839,1839,64,7.5,7.0
1840,1840,69,8.1,8.833
1841,1841,64,6.938,7.25
1842,1842,81,8.12,6.4
1843,1843,63,7.02,7.867
1844,1844,81,8.912,8.784
1845,1845,81,7.9,7.488
1846,1846,76,8.509,7.571
1847,1847,81,8.986,9.381
1848,1848,81,8.629,8.156
1849,1849,83,8.2,8.769
1850,1850,83,7.4,9.5
1851,1851,89,8.586,8.053
1852,1852,90,8.993,9.278
1853,1853,87,8.8,9.2
1854,1854,89,8.4,7.085
1855,1855,71,7.1,7.425
1856,1856,38,3.3,3.5
1857,1857,73,6.5,9.0
1858,1858,83,6.77,8.3
1859,1859,28,4.3,6.5
1860,1860,65,7.72,7.6
1861,1861,52,5.4,6.0
1862,1862,51,7.1,10.0
1863,1863,72,7.92,9.8
1864,1864,73,8.031,9.462
1865,1865,86,7.9,7.25
1866,1866,41,4.0,5.5
1867,1867,86,7.2,9.0
1868,1868,87,8.477,8.508
1869,1869,61,7.029,6.429
1870,1870,74,7.401,7.462
1871,1871,53,6.6,8.6
1872,1872,76,7.4,6.2
1873,1873,53,6.4,6.135
1874,1874,55,6.0,7.875
1875,1875,80,8.1,8.286
1876,1876,46,4.8,2.833
1877,1877,54,9.0,9.128
1878,1878,59,6.4,5.8
1879,1879,81,7.7,8.0
1880,1880,69,6.9,6.778
1881,1881,68,8.0,7.647
1882,1882,68,7.8,7.579
1883,1883,56,6.7,7.6
1884,1884,58,6.1,5.65
1885,1885,69,8.2,7.745
1886,1886,74,8.0,7.0
1887,1887,64,8.2,8.429
1888,1888,60,7.7,8.222
1889,1889,76,7.3,8.292
1890,1890,75,8.1,8.0
1891,1891,95,8.826,9.015
1892,1892,71,7.4,5.667
1893,1893,78,8.2,8.0
1894,1894,46,7.15,9.083
1895,1895,79,8.031,7.891
1896,1896,73,8.8,9.0
1897,1897,81,8.0,7.389
1898,1898,74,7.211,7.265
1899,1899,92,8.368,8.467
1900,1900,85,8.137,7.593
1901,1901,83,8.536,8.389
1902,1902,72,8.3,9.2
1903,1903,83,8.1,8.122
1904,1904,40,5.492,6.667
1905,1905,76,7.036,7.364
1906,1906,78,6.923,7.462
1907,1907,79,6.888,6.939
1908,1908,80,6.812,7.056
1909,1909,82,7.309,7.557
1910,1910,78,4.202,3.754
1911,1911,82,6.451,5.419
1912,1912,87,5.862,5.405
1913,1913,85,5.959,5.784
1914,1914,81,7.9,7.5
1915,1915,81,8.1,8.375
1916,1916,85,8.3,7.891
1917,1917,84,8.3,8.056
1918,1918,83,8.0,7.467
1919,1919,86,8.7,8.595
1920,1920,83,6.54,5.497
1921,1921,71,8.433,6.667
1922,1922,85,8.2,7.6
1923,1923,73,6.539,6.306
1924,1924,64,7.8,8.111
1925,1925,70,7.4,7.514
1926,1926,78,6.2,5.2
1927,1927,84,7.738,7.125
1928,1928,88,8.237,8.074
1929,1929,86,7.3,8.0
1930,1930,80,8.4,8.348
1931,1931,85,7.633,7.714
1932,1932,75,7.5,5.375
1933,1933,73,7.6,7.0
1934,1934,81,7.934,7.984
1935,1935,81,6.553,6.733
1936,1936,82,7.225,6.5
1937,1937,75,7.08,6.6
1938,1938,81,7.557,6.902
1939,1939,77,6.608,7.045
1940,1940,70,7.8,9.5
1941,1941,37,4.147,4.219
1942,1942,79,8.1,8.286
1943,1943,78,7.96,7.782
1944,1944,66,7.267,6.667
1945,1945,78,8.2,8.038
1946,1946,85,8.6,8.932
1947,1947,74,8.3,8.083
1948,1948,81,6.185,6.286
1949,1949,53,6.3,5.333
1950,1950,66,7.8,7.429
1951,1951,73,7.8,8.333
1952,1952,80,8.0,7.8
1953,1953,87,7.14,9.0
1954,1954,87,7.4,9.0
1955,1955,51,6.05,6.333
1956,1956,59,10.0,10.0
1957,1957,84,8.0,8.6
1958,1958,64,7.2,10.0
1959,1959,88,8.6,8.571
1960,1960,83,8.208,8.639
1961,1961,87,8.7,8.833
1962,1962,76,7.2,6.895
1963,1963,89,8.6,8.583
1964,1964,70,6.6,6.32
1965,1965,64,6.553,5.717
1966,1966,90,8.8,8.939
1967,1967,76,8.1,7.638
1968,1968,85,7.494,7.255
1969,1969,91,9.0,8.479
1970,1970,81,8.5,8.558
1971,1971,83,6.8,6.8
1972,1972,77,8.087,8.208
1973,1973,63,7.317,8.667
1974,1974,92,8.489,8.648
1975,1975,87,8.244,8.488
1976,1976,76,6.894,6.156
1977,1977,67,6.553,6.067
1978,1978,73,5.624,5.471
1979,1979,67,9.0,9.0
1980,1980,54,3.8,4.5
1981,1981,67,6.764,6.639
1982,1982,50,6.491,6.364
1983,1983,63,6.49,6.938
1984,1984,95,9.0,8.761
1985,1985,74,7.7,7.406
1986,1986,84,6.165,5.2
1987,1987,71,6.896,6.604
1988,1988,85,7.57,7.735
1989,1989,76,7.3,7.646
1990,1990,63,6.4,5.958
1991,1991,80,8.0,7.923
1992,1992,56,5.067,6.667
1993,1993,70,7.399,7.247
1994,1994,43,7.6,8.0
1995,1995,91,9.374,8.228
1996,1996,93,8.597,8.697
1997,1997,84,8.7,8.522
1998,1998,83,7.18,7.221
1999,1999,67,6.062,5.843
2000,2000,65,6.5,6.818
2001,2001,71,7.9,6.667
2002,2002,52,4.67,4.457
2003,2003,82,7.63,6.91
2004,2004,75,7.582,6.893
2005,2005,75,7.272,6.96
2006,2006,65,6.6,7.021
2007,2007,75,6.854,6.333
2008,2008,87,7.5,7.408
2009,2009,83,7.9,7.673
2010,2010,60,6.9,6.776
2011,2011,86,7.8,7.149
2012,2012,81,8.1,8.857
2013,2013,74,8.118,7.647
2014,2014,77,5.9,9.333
2015,2015,72,6.8,9.667
2016,2016,89,8.4,8.0
2017,2017,67,7.5,7.667
2018,2018,83,8.2,7.786
2019,2019,76,8.0,8.786
2020,2020,60,7.467,7.333
2021,2021,66,5.68,5.9
2022,2022,88,8.1,7.667
2023,2023,75,7.3,7.577
2024,2024,74,8.2,7.333
2025,2025,78,7.9,7.611
2026,2026,63,8.0,6.5
2027,2027,71,6.509,6.519
2028,2028,89,8.7,8.575
2029,2029,84,8.2,6.375
2030,2030,54,7.7,7.579
2031,2031,68,10.0,8.0
2032,2032,86,8.005,7.968
2033,2033,60,7.523,6.797
2034,2034,69,5.764,5.907
2035,2035,65,5.451,5.683
2036,2036,76,7.833,7.0
2037,2037,58,8.0,5.25
2038,2038,71,6.75,6.444
2039,2039,74,8.5,7.0
2040,2040,92,7.406,6.75
2041,2041,92,7.629,8.059
2042,2042,93,7.803,8.435
2043,2043,78,6.475,6.286
2044,2044,79,8.2,7.75
2045,2045,85,7.828,5.863
2046,2046,77,8.17,8.851
2047,2047,81,7.4,7.0
2048,2048,45,7.35,8.062
2049,2049,83,8.0,8.261
2050,2050,71,7.8,7.571
2051,2051,28,3.345,3.6
2052,2052,74,8.8,9.05
2053,2053,81,6.2,7.611
2054,2054,77,7.8,9.0
2055,2055,70,8.2,9.273
2056,2056,92,9.0,9.133
2057,2057,61,4.061,3.67
2058,2058,85,7.6,8.0
2059,2059,66,8.1,8.429
2060,2060,62,6.3,5.3
2061,2061,79,8.3,8.3
2062,2062,77,7.4,8.333
2063,2063,77,8.4,9.0
2064,2064,78,8.24,9.091
2065,2065,78,7.4,6.333
2066,2066,55,8.024,7.765
2067,2067,83,8.0,7.857
2068,2068,60,6.65,7.422
2069,2069,80,8.5,7.686
2070,2070,75,7.5,6.767
2071,2071,82,8.4,8.595
2072,2072,71,6.694,6.5
2073,2073,57,2.297,3.093
2074,2074,62,7.9,7.188
2075,2075,59,7.471,7.886
2076,2076,61,2.773,3.728
2077,2077,81,7.828,7.725
2078,2078,86,6.726,7.044
2079,2079,84,7.781,7.299
2080,2080,68,7.7,7.333
2081,2081,63,4.0,7.0
2082,2082,46,5.2,4.667
2083,2083,73,7.9,9.0
2084,2084,52,8.218,9.0
2085,2085,50,9.0,9.0
2086,2086,55,7.6,8.167
2087,2087,76,7.717,9.083
2088,2088,73,6.777,7.231
2089,2089,61,7.5,8.444
2090,2090,63,7.1,7.8
2091,2091,64,6.2,5.0
2092,2092,58,7.2,3.667
2093,2093,63,8.1,7.0
2094,2094,56,7.0,6.0
2095,2095,59,6.264,5.773
2096,2096,47,5.838,4.769
2097,2097,75,8.457,8.162
2098,2098,53,6.3,6.0
2099,2099,55,7.011,7.667
2100,2100,69,8.088,7.438
2101,2101,61,7.633,9.167
2102,2102,72,7.8,7.8
2103,2103,79,7.4,7.238
2104,2104,71,6.457,6.643
2105,2105,76,7.316,7.211
2106,2106,72,6.836,6.286
2107,2107,64,6.9,5.5
2108,2108,66,7.26,5.1
2109,2109,77,8.7,9.167
2110,2110,69,6.591,6.364
2111,2111,63,7.8,7.6
2112,2112,46,5.8,3.0
2113,2113,82,7.5,7.545
2114,2114,72,6.2,9.0
2115,2115,77,7.4,7.167
2116,2116,84,7.8,9.667
2117,2117,67,7.633,7.867
2118,2118,70,6.8,6.609
2119,2119,61,8.167,9.095
2120,2120,58,6.6,8.529
2121,2121,67,7.78,8.65
2122,2122,72,8.0,7.59
2123,2123,72,7.2,6.195
2124,2124,65,8.233,8.667
2125,2125,52,7.0,4.0
2126,2126,73,8.6,8.75
2127,2127,85,8.7,9.227
2128,2128,76,8.1,7.364
2129,2129,68,7.9,10.0
2130,2130,78,8.06,7.2
2131,2131,75,8.5,7.45
2132,2132,91,8.5,8.48
2133,2133,45,6.225,6.678
2134,2134,76,8.254,8.011
2135,2135,54,6.4,6.0
2136,2136,82,8.4,8.815
2137,2137,64,7.0,7.0
2138,2138,60,5.78,4.6
2139,2139,58,5.933,6.167
2140,2140,80,9.0,9.333
2141,2141,73,7.443,7.143
2142,2142,61,4.9,4.75
2143,2143,83,8.6,8.804
2144,2144,74,8.8,8.167
2145,2145,84,8.1,8.833
2146,2146,79,8.7,7.818
2147,2147,78,8.3,8.25
2148,2148,78,8.8,8.733
2149,2149,82,8.7,8.778
2150,2150,82,8.9,8.5
2151,2151,78,7.8,7.4
2152,2152,86,8.4,7.75
2153,2153,89,8.9,8.698
2154,2154,89,7.477,7.044
2155,2155,90,8.8,8.167
2156,2156,80,8.7,9.333
2157,2157,69,7.6,6.667
2158,2158,77,8.4,9.5
2159,2159,58,5.8,6.0
2160,2160,74,7.7,7.667
2161,2161,61,7.6,7.0
2162,2162,85,8.095,8.487
2163,2163,57,8.0,8.0
2164,2164,78,6.2,7.0
2165,2165,71,6.372,8.186
2166,2166,71,6.5,7.0
2167,2167,94,8.4,8.204
2168,2168,84,7.652,7.524
2169,2169,90,8.1,8.419
2170,2170,81,5.5,4.776
2171,2171,88,7.8,7.528
2172,2172,77,6.8,6.273
2173,2173,86,9.099,8.692
2174,2174,84,8.6,9.375
2175,2175,85,8.552,8.475
2176,2176,76,7.927,7.258
2177,2177,70,5.256,4.978
2178,2178,58,4.8,5.382
2179,2179,64,7.008,7.219
2180,2180,70,6.086,5.609
2181,2181,78,7.4,7.482
2182,2182,79,7.374,7.883
2183,2183,90,8.6,7.2
2184,2184,58,5.5,5.25
2185,2185,84,8.6,8.721
2186,2186,67,6.7,5.0
2187,2187,69,5.3,6.0
2188,2188,63,4.3,4.188
2189,2189,60,6.1,6.667
2190,2190,73,7.5,8.0
2191,2191,69,6.6,7.0
2192,2192,76,7.7,7.136
2193,2193,87,8.2,7.667
2194,2194,72,8.0,7.417
2195,2195,78,7.9,6.5
2196,2196,86,8.089,7.632
2197,2197,84,8.209,8.13
2198,2198,80,8.428,8.733
2199,2199,70,8.205,9.524
2200,2200,80,7.032,7.205
2201,2201,83,6.225,8.114
2202,2202,78,5.794,5.711
2203,2203,80,7.969,8.234
2204,2204,88,8.9,9.17
2205,2205,83,8.8,8.795
2206,2206,86,8.5,7.939
2207,2207,75,8.173,7.885
2208,2208,74,7.6,6.0
2209,2209,79,7.4,8.0
2210,2210,77,7.083,7.333
2211,2211,67,6.635,7.286
2212,2212,36,3.5,2.778
2213,2213,45,5.241,4.527
2214,2214,52,5.902,6.296
2215,2215,73,8.5,8.5
2216,2216,48,7.0,7.5
2217,2217,82,8.3,9.333
2218,2218,67,6.4,5.204
2219,2219,87,8.2,8.692
2220,2220,82,8.3,7.6
2221,2221,63,5.5,4.571
2222,2222,82,8.6,8.5
2223,2223,81,8.1,9.0
2224,2224,74,8.4,7.75
2225,2225,72,6.1,5.0
2226,2226,76,8.6,8.333
2227,2227,61,7.16,5.4
2228,2228,59,8.2,8.0
2229,2229,50,4.95,4.875
2230,2230,69,7.269,7.517
2231,2231,82,8.133,8.136
2232,2232,75,8.387,8.211
2233,2233,87,7.8,7.841
2234,2234,83,7.7,7.188
2235,2235,79,8.0,7.462
2236,2236,73,8.326,8.06
2237,2237,54,7.4,7.422
2238,2238,69,5.6,4.771
2239,2239,32,3.7,4.5
2240,2240,47,6.0,6.755
2241,2241,74,6.4,6.781
2242,2242,70,7.8,7.429
2243,2243,78,8.0,7.297
2244,2244,47,2.5,3.041
2245,2245,77,8.026,7.984
2246,2246,72,7.514,7.079
2247,2247,73,8.525,8.55
2248,2248,55,8.102,7.962
2249,2249,56,8.015,7.795
2250,2250,64,7.5,8.455
2251,2251,60,7.6,7.727
2252,2252,82,8.1,7.816
2253,2253,78,8.1,7.897
2254,2254,60,7.882,7.714
2255,2255,79,8.515,9.038
2256,2256,70,7.5,7.706
2257,2257,73,8.4,8.0
2258,2258,80,8.662,7.077
2259,2259,77,8.1,8.245
2260,2260,82,8.5,8.966
2261,2261,93,8.536,8.964
2262,2262,86,8.4,8.556
2263,2263,85,7.553,7.278
2264,2264,52,4.9,6.5
2265,2265,77,6.5,6.286
2266,2266,80,7.1,7.25
2267,2267,85,8.45,8.432
2268,2268,58,6.6,6.86
2269,2269,85,7.075,9.0
2270,2270,82,7.4,9.0
2271,2271,73,8.595,8.476
2272,2272,56,5.8,4.667
2273,2273,76,8.234,8.119
2274,2274,60,5.8,9.0
2275,2275,59,7.7,6.0
2276,2276,46,7.8,1.0
2277,2277,63,6.3,7.0
2278,2278,70,7.4,8.5
2279,2279,71,8.3,9.4
2280,2280,60,6.5,8.0
2281,2281,78,7.62,7.0
2282,2282,83,8.376,8.476
2283,2283,74,8.2,8.067
2284,2284,63,6.491,5.945
2285,2285,68,4.6,7.5
2286,2286,57,7.083,7.512
2287,2287,60,7.104,6.346
2288,2288,84,7.7,8.222
2289,2289,76,7.837,7.404
2290,2290,79,7.294,6.917
2291,2291,68,7.66,7.632
2292,2292,54,6.3,5.571
2293,2293,84,7.7,4.5
2294,2294,80,6.3,8.0
2295,2295,81,8.7,8.542
2296,2296,62,7.593,7.552
2297,2297,71,8.52,8.616
2298,2298,57,6.917,6.542
2299,2299,48,5.08,6.2
2300,2300,59,6.656,7.889
2301,2301,84,7.4,7.868
2302,2302,65,6.0,7.0
2303,2303,70,7.1,5.571
2304,2304,61,2.54,2.4
2305,2305,76,7.8,8.0
2306,2306,84,8.28,8.4
2307,2307,76,6.5,8.0
2308,2308,60,5.2,6.167
2309,2309,64,7.575,7.958
2310,2310,72,6.3,8.0
2311,2311,56,4.742,4.947
2312,2312,74,6.7,7.2
2313,2313,50,5.2,6.25
2314,2314,93,8.362,9.219
2315,2315,74,4.0,2.0
2316,2316,80,7.582,7.727
2317,2317,92,8.467,9.238
2318,2318,81,8.0,7.694
2319,2319,82,7.9,8.03
2320,2320,76,6.5,6.75
2321,2321,67,8.1,7.844
2322,2322,74,7.5,6.571
2323,2323,75,8.0,8.5
2324,2324,72,7.158,6.417
2325,2325,80,8.009,8.783
2326,2326,66,6.4,4.5
2327,2327,49,8.3,9.0
2328,2328,64,5.05,3.375
2329,2329,41,6.3,6.0
2330,2330,64,7.3,7.333
2331,2331,86,9.029,7.286
2332,2332,63,6.954,7.231
2333,2333,73,8.2,7.545
2334,2334,38,3.7,3.889
2335,2335,61,7.79,7.35
2336,2336,89,7.516,7.32
2337,2337,81,7.785,7.885
2338,2338,90,8.7,8.727
2339,2339,75,7.6,7.333
2340,2340,56,6.621,6.214
2341,2341,43,5.639,4.857
2342,2342,60,6.3,7.0
2343,2343,65,7.8,6.938
2344,2344,79,8.3,8.552
2345,2345,39,4.0,1.0
2346,2346,58,4.8,2.0
2347,2347,81,6.2,4.5
2348,2348,94,8.778,8.889
2349,2349,61,6.3,8.0
2350,2350,58,5.5,4.5
2351,2351,78,8.121,7.482
2352,2352,84,7.1,7.833
2353,2353,71,7.0,10.0
2354,2354,73,7.272,6.789
2355,2355,61,6.405,5.935
2356,2356,85,6.1,6.532
2357,2357,86,8.0,6.929
2358,2358,88,8.3,7.738
2359,2359,93,8.3,8.39
2360,2360,77,7.8,8.571
2361,2361,46,5.8,4.0
2362,2362,58,5.786,5.429
2363,2363,55,5.9,5.714
2364,2364,78,7.05,7.207
2365,2365,71,6.511,6.556
2366,2366,83,7.2,9.5
2367,2367,58,6.1,6.917
2368,2368,75,8.3,7.2
2369,2369,79,8.3,8.667
2370,2370,78,8.0,7.617
2371,2371,70,7.8,5.25
2372,2372,67,5.7,4.222
2373,2373,76,8.0,8.267
2374,2374,71,7.1,7.0
2375,2375,77,7.343,6.886
2376,2376,79,7.05,10.0
2377,2377,93,7.31,7.419
2378,2378,77,3.45,3.677
2379,2379,84,5.665,4.908
2380,2380,81,8.8,9.3
2381,2381,57,7.4,8.556
2382,2382,59,7.467,7.667
2383,2383,75,7.738,7.667
2384,2384,71,5.717,7.167
2385,2385,75,6.818,6.818
2386,2386,72,7.8,4.5
2387,2387,86,8.7,7.643
2388,2388,63,7.2,5.857
2389,2389,68,8.3,6.5
2390,2390,76,7.7,9.286
2391,2391,76,8.5,8.636
2392,2392,65,10.0,8.0
2393,2393,74,7.1,4.5
2394,2394,71,7.3,8.5
2395,2395,73,7.6,7.0
2396,2396,76,7.6,8.0
2397,2397,81,7.706,8.347
2398,2398,65,10.0,10.0
2399,2399,72,7.5,8.333
2400,2400,90,8.4,8.578
2401,2401,93,8.8,7.705
2402,2402,84,8.1,8.067
2403,2403,97,9.1,8.694
2404,2404,97,9.0,9.674
2405,2405,88,7.489,7.323
2406,2406,76,8.5,9.227
2407,2407,92,8.3,8.289
2408,2408,87,8.2,8.571
2409,2409,87,8.2,8.55
2410,2410,55,5.5,5.286
2411,2411,53,7.583,8.5
2412,2412,81,7.76,9.0
2413,2413,82,7.4,8.125
2414,2414,74,5.7,5.25
2415,2415,59,7.1,8.286
2416,2416,63,7.3,8.0
2417,2417,85,8.1,8.422
2418,2418,75,7.9,7.429
2419,2419,73,7.6,8.4
2420,2420,81,8.2,8.556
2421,2421,93,8.8,9.043
2422,2422,92,9.0,9.043
2423,2423,70,10.0,10.0
2424,2424,57,8.5,10.0
2425,2425,51,3.611,3.111
2426,2426,64,7.6,7.667
2427,2427,44,3.4,0.667
2428,2428,86,8.175,7.719
2429,2429,77,6.418,5.824
2430,2430,81,8.7,8.957
2431,2431,61,6.24,5.6
2432,2432,85,8.6,8.649
2433,2433,69,7.0,6.5
2434,2434,67,7.7,8.192
2435,2435,63,6.212,6.44
2436,2436,72,8.5,8.167
2437,2437,82,8.098,7.647
2438,2438,80,8.3,7.714
2439,2439,73,8.4,8.786
2440,2440,87,7.733,7.583
2441,2441,85,8.58,9.6
2442,2442,65,7.7,6.143
2443,2443,88,8.4,9.375
2444,2444,77,6.5,8.0
2445,2445,68,5.95,6.25
2446,2446,71,8.5,8.375
2447,2447,68,7.978,9.111
2448,2448,74,8.029,8.857
2449,2449,79,8.0,7.937
2450,2450,77,8.5,8.128
2451,2451,72,7.9,8.0
2452,2452,86,8.8,8.854
2453,2453,68,7.111,6.526
2454,2454,75,8.531,8.163
2455,2455,66,6.8,7.5
2456,2456,79,8.4,8.152
2457,2457,78,8.5,7.792
2458,2458,71,8.2,7.792
2459,2459,72,7.268,6.394
2460,2460,59,8.0,10.0
2461,2461,66,4.8,8.0
2462,2462,37,3.8,5.0
2463,2463,45,5.9,6.263
2464,2464,65,7.0,6.5
2465,2465,85,8.1,8.625
2466,2466,62,8.293,8.357
2467,2467,87,8.8,9.24
2468,2468,81,7.9,7.696
2469,2469,65,8.6,9.7
2470,2470,56,7.05,6.938
2471,2471,47,6.675,5.875
2472,2472,53,7.833,7.0
2473,2473,36,6.8,5.333
2474,2474,44,5.612,5.97
2475,2475,67,7.464,8.0
2476,2476,79,7.7,8.258
2477,2477,88,8.7,8.587
2478,2478,79,7.539,7.31
2479,2479,82,7.7,8.0
2480,2480,82,8.123,8.1
2481,2481,56,7.7,7.5
2482,2482,58,7.8,6.667
2483,2483,70,7.5,4.0
2484,2484,70,6.42,2.9
2485,2485,79,8.4,8.059
2486,2486,77,6.378,4.937
2487,2487,35,5.6,4.333
2488,2488,66,7.1,6.6
2489,2489,81,8.213,8.751
2490,2490,77,7.9,7.636
2491,2491,73,8.0,5.667
2492,2492,64,7.7,9.0
2493,2493,82,8.195,8.048
2494,2494,68,6.492,6.339
2495,2495,73,8.2,8.333
2496,2496,74,7.1,7.5
2497,2497,84,7.4,9.214
2498,2498,52,6.0,6.0
2499,2499,72,6.5,7.667
2500,2500,65,6.431,6.154
2501,2501,71,6.2,6.184
2502,2502,65,8.2,9.0
2503,2503,63,6.912,7.062
2504,2504,52,3.68,4.6
2505,2505,89,7.343,8.429
2506,2506,79,1.0,1.0
2507,2507,76,7.14,6.6
2508,2508,84,8.3,7.755
2509,2509,82,8.3,8.6
2510,2510,80,7.7,8.692
2511,2511,66,6.689,6.552
2512,2512,56,4.6,4.75
2513,2513,82,8.014,8.139
2514,2514,89,8.6,8.606
2515,2515,76,5.88,4.6
2516,2516,69,7.1,7.111
2517,2517,61,5.776,5.312
2518,2518,73,6.7,7.429
2519,2519,39,4.883,5.174
2520,2520,54,5.04,4.4
2521,2521,80,7.655,7.966
2522,2522,49,5.0,6.667
2523,2523,87,8.693,8.3
2524,2524,94,8.369,8.214
2525,2525,71,5.7,4.234
2526,2526,96,7.888,8.51
2527,2527,75,7.688,7.462
2528,2528,52,6.133,6.333
2529,2529,72,7.4,6.75
2530,2530,57,8.0,6.375
2531,2531,77,7.892,8.175
2532,2532,65,6.94,6.4
2533,2533,59,7.5,10.0
2534,2534,41,4.9,3.6
2535,2535,64,5.998,5.828
2536,2536,61,7.633,8.833
2537,2537,48,5.9,0.0
2538,2538,65,3.0,3.0
2539,2539,35,3.14,4.8
2540,2540,53,5.0,5.5
2541,2541,66,7.4,7.2
2542,2542,72,7.05,6.667
2543,2543,78,8.0,8.4
2544,2544,75,7.7,7.846
2545,2545,92,8.7,8.082
2546,2546,84,7.705,8.579
2547,2547,72,7.9,8.167
2548,2548,54,6.529,6.571
2549,2549,73,8.1,8.333
2550,2550,61,8.0,8.5
2551,2551,80,7.9,8.5
2552,2552,75,8.4,9.4
2553,2553,79,8.3,9.051
2554,2554,79,8.2,7.963
2555,2555,95,9.2,9.085
2556,2556,66,7.29,6.883
2557,2557,80,8.5,8.021
2558,2558,43,10.0,10.0
2559,2559,63,7.1,8.0
2560,2560,68,7.6,9.0
2561,2561,77,8.345,8.243
2562,2562,80,8.2,8.074
2563,2563,67,7.1,7.071
2564,2564,64,6.822,7.833
2565,2565,54,6.047,5.0
2566,2566,91,8.9,8.851
2567,2567,86,7.3,7.412
2568,2568,89,8.9,8.583
2569,2569,90,7.8,7.188
2570,2570,93,8.1,8.581
2571,2571,87,7.8,7.745
2572,2572,89,8.8,8.571
2573,2573,96,9.0,8.723
2574,2574,73,7.0,7.0
2575,2575,95,8.852,8.543
2576,2576,86,8.5,7.917
2577,2577,75,8.1,8.25
2578,2578,71,6.89,6.658
2579,2579,85,7.7,6.75
2580,2580,58,6.1,5.5
2581,2581,55,6.94,6.465
2582,2582,79,8.4,8.622
2583,2583,59,5.784,5.579
2584,2584,85,8.152,7.705
2585,2585,75,7.993,8.071
2586,2586,82,7.9,6.4
2587,2587,61,7.175,7.131
2588,2588,80,7.0,6.4
2589,2589,69,7.772,7.833
2590,2590,84,8.1,8.556
2591,2591,46,5.8,3.333
2592,2592,44,5.3,7.0
2593,2593,39,8.1,3.5
2594,2594,71,8.0,8.429
2595,2595,75,7.4,6.9
2596,2596,75,7.5,7.824
2597,2597,91,8.6,8.52
2598,2598,96,8.778,9.092
2599,2599,63,6.8,7.354
2600,2600,70,7.7,8.25
2601,2601,39,5.778,7.222
2602,2602,69,8.152,8.025
2603,2603,73,7.874,7.734
2604,2604,47,3.0,4.0
2605,2605,74,8.3,8.327
2606,2606,71,7.396,6.611
2607,2607,38,3.6,3.0
2608,2608,78,8.526,8.485
2609,2609,64,7.179,8.0
2610,2610,92,7.946,8.44
2611,2611,90,7.908,7.766
2612,2612,50,1.0,1.5
2613,2613,74,7.6,8.5
2614,2614,73,7.231,7.875
2615,2615,76,4.5,9.0
2616,2616,78,8.7,8.333
2617,2617,68,5.7,5.333
2618,2618,86,5.92,5.817
2619,2619,74,7.0,8.714
2620,2620,70,3.9,6.6
2621,2621,74,5.6,8.0
2622,2622,81,7.7,9.4
2623,2623,70,4.16,4.439
2624,2624,72,7.1,7.2
2625,2625,85,7.8,9.0
2626,2626,79,7.9,6.5
2627,2627,74,8.2,9.0
2628,2628,59,6.52,6.0
2629,2629,74,7.855,8.059
2630,2630,77,8.133,7.556
2631,2631,75,7.675,7.625
2632,2632,85,8.5,8.511
2633,2633,60,6.605,7.011
2634,2634,53,4.86,3.2
2635,2635,64,7.805,6.614
2636,2636,78,7.4,6.769
2637,2637,78,8.4,8.0
2638,2638,70,8.242,8.667
2639,2639,32,3.511,4.384
2640,2640,85,8.3,8.568
2641,2641,70,7.2,7.333
2642,2642,53,6.909,7.0
2643,2643,81,8.3,7.756
2644,2644,88,8.347,7.67
2645,2645,92,8.996,8.838
2646,2646,86,8.2,8.0
2647,2647,68,6.0,8.0
2648,2648,80,8.461,8.041
2649,2649,78,8.6,7.92
2650,2650,88,8.8,9.083
2651,2651,83,6.4,7.833
2652,2652,82,8.252,7.222
2653,2653,83,8.2,7.744
2654,2654,38,6.069,6.944
2655,2655,69,4.0,7.7
2656,2656,73,4.847,7.316
2657,2657,80,6.217,5.667
2658,2658,80,4.0,7.0
2659,2659,80,5.712,5.25
2660,2660,89,5.7,9.5
2661,2661,88,6.16,7.8
2662,2662,65,7.6,8.6
2663,2663,42,5.3,5.45
2664,2664,81,7.9,8.0
2665,2665,60,6.2,5.0
2666,2666,81,7.9,8.5
2667,2667,58,6.4,7.0
2668,2668,64,6.8,5.0
2669,2669,90,8.443,8.833
2670,2670,83,8.571,9.024
2671,2671,77,7.9,6.683
2672,2672,86,6.398,7.228
2673,2673,58,5.975,6.429
2674,2674,44,6.8,7.0
2675,2675,62,5.644,5.444
2676,2676,71,7.1,10.0
2677,2677,74,8.1,7.885
2678,2678,63,7.022,6.556
2679,2679,74,8.1,8.0
2680,2680,63,7.5,7.2
2681,2681,59,6.5,8.0
2682,2682,77,6.835,6.85
2683,2683,84,7.171,7.143
2684,2684,80,4.1,4.25
2685,2685,90,6.853,6.806
2686,2686,86,6.772,6.68
2687,2687,79,6.467,6.248
2688,2688,70,5.0,5.0
2689,2689,77,7.9,8.643
2690,2690,73,7.021,7.576
2691,2691,68,5.293,4.707
2692,2692,86,7.7,7.667
2693,2693,74,5.078,4.667
2694,2694,88,7.527,7.023
2695,2695,82,7.61,7.034
2696,2696,93,8.31,8.127
2697,2697,82,7.659,7.554
2698,2698,94,8.395,8.63
2699,2699,85,7.2,7.032
2700,2700,85,7.256,5.418
2701,2701,93,8.115,7.697
2702,2702,80,6.635,5.813
2703,2703,77,8.084,7.897
2704,2704,80,7.934,7.378
2705,2705,76,7.584,6.814
2706,2706,71,7.8,8.06
2707,2707,84,4.95,5.75
2708,2708,77,8.019,8.0
2709,2709,69,6.2,7.889
2710,2710,78,8.0,7.667
2711,2711,97,7.608,8.361
2712,2712,94,8.089,9.0
2713,2713,32,1.772,2.605
2714,2714,81,6.612,6.625
2715,2715,72,6.573,6.667
2716,2716,90,8.28,9.1
2717,2717,83,8.239,8.087
2718,2718,65,6.2,6.25
2719,2719,89,7.267,6.667
2720,2720,78,7.833,8.333
2721,2721,84,8.159,7.846
2722,2722,81,7.591,6.987
2723,2723,71,7.415,7.853
2724,2724,80,7.4,6.362
2725,2725,76,4.4,6.543
2726,2726,90,8.3,7.851
2727,2727,86,8.4,8.143
2728,2728,86,7.4,6.438
2729,2729,60,6.8,10.0
2730,2730,69,7.3,8.6
2731,2731,71,7.0,7.0
2732,2732,77,7.477,6.885
2733,2733,62,7.411,5.368
2734,2734,70,7.6,7.417
2735,2735,81,7.403,6.586
2736,2736,74,7.7,9.0
2737,2737,69,8.1,8.5
2738,2738,59,5.312,5.31
2739,2739,77,7.733,8.108
2740,2740,79,8.344,8.648
2741,2741,77,6.7,10.0
2742,2742,80,7.5,7.167
2743,2743,81,7.0,9.2
2744,2744,82,8.0,9.222
2745,2745,79,7.043,6.243
2746,2746,80,7.9,7.574
2747,2747,84,8.3,8.354
2748,2748,62,7.5,6.2
2749,2749,55,7.5,8.231
2750,2750,66,6.0,6.571
2751,2751,79,7.92,7.76
2752,2752,78,7.675,7.203
2753,2753,78,7.9,7.545
2754,2754,75,6.93,5.104
2755,2755,60,7.053,7.053
2756,2756,77,7.254,6.846
2757,2757,43,5.019,3.875
2758,2758,69,5.96,5.7
2759,2759,68,6.929,7.143
2760,2760,76,7.7,6.917
2761,2761,91,8.2,8.217
2762,2762,51,6.5,7.5
2763,2763,50,5.614,5.0
2764,2764,67,6.561,6.208
2765,2765,70,8.4,8.333
2766,2766,69,8.362,7.846
2767,2767,66,7.486,7.429
2768,2768,71,0.0,4.5
2769,2769,84,6.952,6.333
2770,2770,85,7.607,7.589
2771,2771,72,8.2,7.167
2772,2772,80,7.156,7.239
2773,2773,73,8.3,7.636
2774,2774,69,7.5,6.538
2775,2775,77,8.316,8.357
2776,2776,84,7.137,7.479
2777,2777,65,7.14,9.0
2778,2778,96,8.8,8.5
2779,2779,92,8.4,7.884
2780,2780,93,8.8,8.87
2781,2781,88,7.7,6.976
2782,2782,80,7.5,7.841
2783,2783,86,8.6,7.851
2784,2784,63,8.2,8.0
2785,2785,71,7.1,5.646
2786,2786,39,3.3,5.0
2787,2787,45,6.2,8.333
2788,2788,75,6.788,6.706
2789,2789,86,8.1,9.25
2790,2790,93,8.6,9.128
2791,2791,82,7.591,7.447
2792,2792,68,8.4,5.667
2793,2793,58,5.3,5.0
2794,2794,60,8.6,8.231
2795,2795,79,7.0,5.333
2796,2796,76,7.8,8.75
2797,2797,53,8.0,9.0
2798,2798,48,6.9,6.083
2799,2799,35,5.9,3.0
2800,2800,86,8.404,7.867
2801,2801,83,8.3,8.05
2802,2802,72,7.643,7.714
2803,2803,84,8.8,8.875
2804,2804,74,7.2,7.5
2805,2805,65,6.3,9.0
2806,2806,38,3.444,3.688
2807,2807,80,7.94,7.2
2808,2808,84,8.652,7.856
2809,2809,56,6.1,5.32
2810,2810,61,6.864,6.758
2811,2811,71,7.38,8.1
2812,2812,93,7.914,8.333
2813,2813,86,7.291,7.545
2814,2814,73,7.7,6.333
2815,2815,62,6.933,6.333
2816,2816,68,6.583,5.586
2817,2817,94,7.8,6.286
2818,2818,93,8.2,10.0
2819,2819,85,7.7,8.0
2820,2820,92,8.457,8.714
2821,2821,70,7.28,7.6
2822,2822,80,7.6,7.833
2823,2823,69,6.885,6.115
2824,2824,84,7.886,7.655
2825,2825,56,6.9,8.333
2826,2826,82,8.3,9.286
2827,2827,73,7.9,9.333
2828,2828,39,3.0,3.0
2829,2829,67,5.1,8.333
2830,2830,62,6.957,6.857
2831,2831,65,7.9,7.425
2832,2832,80,8.2,8.875
2833,2833,92,9.2,8.8
2834,2834,88,9.2,8.955
2835,2835,86,7.0,7.0
2836,2836,55,6.5,8.0
2837,2837,73,7.1,7.0
2838,2838,84,7.9,9.077
2839,2839,88,8.8,8.955
2840,2840,78,8.4,8.429
2841,2841,71,7.9,7.565
2842,2842,60,6.5,7.25
2843,2843,82,8.0,9.0
2844,2844,83,8.3,8.382
2845,2845,88,8.5,9.25
2846,2846,49,4.3,6.0
2847,2847,53,7.6,8.091
2848,2848,44,8.262,9.125
2849,2849,64,7.964,8.091
2850,2850,44,7.1,6.286
2851,2851,81,7.2,7.191
2852,2852,80,6.08,7.089
2853,2853,80,7.8,8.0
2854,2854,74,7.9,7.714
2855,2855,59,8.6,10.0
2856,2856,55,7.229,6.429
2857,2857,58,7.4,8.286
2858,2858,86,8.7,9.0
2859,2859,67,4.8,8.0
2860,2860,66,6.7,9.667
2861,2861,69,6.841,6.517
2862,2862,59,6.8,4.0
2863,2863,51,2.9,3.5
2864,2864,66,7.525,7.25
2865,2865,60,7.2,7.28
2866,2866,80,7.6,8.083
2867,2867,80,7.5,8.4
2868,2868,72,7.9,8.333
2869,2869,63,5.2,5.684
2870,2870,68,8.1,8.347
2871,2871,65,7.2,7.59
2872,2872,58,6.6,6.634
2873,2873,60,6.6,6.231
2874,2874,76,8.0,8.5
2875,2875,68,7.0,6.548
2876,2876,80,8.4,8.938
2877,2877,78,8.1,7.0
2878,2878,69,7.5,6.6
2879,2879,71,7.7,8.0
2880,2880,64,7.3,9.333
2881,2881,60,10.0,10.0
2882,2882,82,7.6,6.54
2883,2883,79,8.557,9.286
2884,2884,79,8.2,8.469
2885,2885,83,8.3,7.5
2886,2886,89,8.0,8.077
2887,2887,82,8.3,9.25
2888,2888,88,8.3,8.455
2889,2889,70,7.0,9.0
2890,2890,72,7.299,7.413
2891,2891,66,7.664,7.364
2892,2892,79,7.744,7.494
2893,2893,76,7.665,7.469
2894,2894,60,10.0,10.0
2895,2895,89,8.2,9.217
2896,2896,90,8.067,7.519
2897,2897,80,5.063,4.477
2898,2898,93,7.5,7.447
2899,2899,90,5.9,5.222
2900,2900,88,7.3,7.222
2901,2901,82,5.2,5.289
2902,2902,91,8.2,8.042
2903,2903,87,5.7,4.478
2904,2904,91,8.2,8.152
2905,2905,93,7.08,7.4
2906,2906,91,7.633,9.0
2907,2907,89,8.25,8.5
2908,2908,83,6.4,8.0
2909,2909,70,7.238,7.308
2910,2910,69,7.7,6.75
2911,2911,73,6.7,5.6
2912,2912,79,7.9,8.667
2913,2913,64,3.0,1.0
2914,2914,75,7.0,8.2
2915,2915,80,7.66,8.0
2916,2916,68,5.5,7.25
2917,2917,80,8.5,8.0
2918,2918,71,6.628,6.791
2919,2919,78,7.954,7.885
2920,2920,75,7.689,7.365
2921,2921,62,4.92,4.548
2922,2922,73,6.509,6.368
2923,2923,75,7.136,7.528
2924,2924,55,5.8,5.25
2925,2925,79,7.0,7.833
2926,2926,76,7.9,7.222
2927,2927,68,8.0,8.0
2928,2928,73,7.3,8.0
2929,2929,81,8.178,7.5
2930,2930,79,6.961,6.217
2931,2931,80,7.882,8.182
2932,2932,75,7.83,8.283
2933,2933,85,8.9,9.364
2934,2934,82,8.5,8.714
2935,2935,80,8.2,7.889
2936,2936,84,8.106,8.188
2937,2937,56,5.9,5.0
2938,2938,64,6.1,6.667
2939,2939,76,8.2,7.667
2940,2940,76,7.3,8.0
2941,2941,41,6.0,5.571
2942,2942,33,3.2,6.102
2943,2943,50,5.7,5.789
2944,2944,82,7.825,8.25
2945,2945,84,8.124,6.941
2946,2946,75,7.505,7.569
2947,2947,47,4.864,4.468
2948,2948,72,7.9,8.0
2949,2949,61,8.0,5.5
2950,2950,61,7.1,6.5
2951,2951,52,7.222,5.556
2952,2952,58,5.925,6.0
2953,2953,73,8.0,7.279
2954,2954,88,7.323,6.468
2955,2955,89,8.239,8.058
2956,2956,86,8.797,8.134
2957,2957,84,8.7,8.898
2958,2958,83,8.6,8.292
2959,2959,81,8.9,9.421
2960,2960,81,6.5,8.333
2961,2961,68,3.0,3.0
2962,2962,42,8.0,8.0
2963,2963,74,7.743,7.433
2964,2964,43,5.035,6.065
2965,2965,75,8.4,8.105
2966,2966,77,9.0,9.5
2967,2967,79,8.0,7.024
2968,2968,78,8.3,8.0
2969,2969,83,8.6,8.744
2970,2970,80,8.02,7.631
2971,2971,64,7.6,7.565
2972,2972,73,7.6,8.167
2973,2973,60,7.2,9.2
2974,2974,73,6.3,4.8
2975,2975,81,8.2,7.696
2976,2976,64,6.1,6.12
2977,2977,78,8.336,8.516
2978,2978,79,8.344,8.056
2979,2979,85,8.542,8.326
2980,2980,82,8.365,8.4
2981,2981,72,8.362,7.625
2982,2982,80,8.418,7.03
2983,2983,56,4.9,5.0
2984,2984,62,8.4,8.5
2985,2985,67,7.2,5.667
2986,2986,61,6.3,5.0
2987,2987,53,8.9,5.0
2988,2988,59,8.4,7.833
2989,2989,44,6.7,4.833
2990,2990,60,7.1,6.75
2991,2991,68,7.2,8.0
2992,2992,87,7.6,7.333
2993,2993,56,8.0,8.0
2994,2994,83,7.935,6.727
2995,2995,62,6.989,7.459
2996,2996,77,6.51,6.825
2997,2997,78,6.8,5.533
2998,2998,73,7.752,6.238
2999,2999,82,8.5,8.5
3000,3000,72,8.1,8.667
3001,3001,75,8.0,8.0
