SSID,GameID,vader_sentiment_mean,textblob_sentiment_mean,hf_sentiment_mean
1,1,0.438,0.082,-0.019
2,2,0.531,-0.021,0.332
3,3,-0.081,-0.028,-0.015
4,4,0.595,0.066,0.001
5,5,0.467,0.039,-0.598
6,6,0.672,0.031,0.002
7,7,0.767,0.149,0.425
8,8,0.253,-0.06,-0.482
9,9,0.682,0.131,0.136
10,10,0.46,-0.138,0.001
11,11,-0.596,-0.211,-0.333
12,12,0.811,0.046,0.444
13,13,0.931,0.05,0.354
14,14,0.307,0.187,0.967
15,15,0.234,-0.019,-0.005
16,16,0.417,0.054,-0.006
17,17,0.425,-0.062,-0.121
18,18,0.797,0.085,0.988
19,19,0.741,0.233,0.333
20,20,0.699,0.061,0.627
21,21,0.722,0.069,0.008
22,22,0.869,0.14,0.993
23,23,0.529,0.15,-0.05
24,24,0.538,0.164,0.354
25,25,0.75,0.223,0.52
26,26,0.406,0.053,0.039
27,27,0.645,0.071,0.046
28,28,0.852,0.198,0.316
29,29,0.183,0.013,-0.412
30,30,0.854,0.094,0.32
31,31,0.533,-0.013,-0.407
32,32,0.938,0.12,1.0
33,33,0.519,0.119,0.377
34,34,0.745,0.142,0.999
35,35,0.551,0.076,0.371
36,36,0.606,0.158,0.391
37,37,0.462,0.041,-0.189
38,38,0.729,0.119,0.747
39,39,0.994,0.154,0.662
40,40,0.92,0.074,-0.001
41,41,0.199,0.025,0.269
42,42,-0.572,0.012,-0.988
43,43,0.519,0.052,0.029
44,44,0.594,0.045,0.155
45,45,0.6,0.12,0.243
46,46,0.755,0.073,0.472
47,47,0.493,0.005,-0.565
48,48,0.407,0.021,0.093
49,49,0.765,0.167,0.992
50,50,0.651,0.184,0.497
51,51,0.782,0.131,0.34
52,52,0.898,0.125,0.069
53,53,0.392,0.049,0.012
54,54,0.44,-0.042,-0.298
55,55,0.881,0.065,0.005
56,56,0.37,-0.035,-0.985
57,57,0.371,0.099,0.278
58,58,0.543,0.061,0.358
59,59,0.675,0.022,-0.342
60,60,0.308,0.048,0.41
61,61,0.451,-0.216,-0.108
62,62,0.107,-0.148,0.332
63,63,0.159,-0.107,-0.589
64,64,0.676,0.105,0.196
65,65,0.593,0.093,0.317
66,66,0.794,-0.412,-0.005
67,67,0.235,0.044,0.128
68,68,0.489,0.082,0.214
69,69,0.372,-0.004,-0.277
70,70,0.228,-0.109,-0.332
71,71,0.225,0.035,-0.005
72,72,0.866,0.1,0.909
73,73,0.88,0.203,0.985
74,74,0.138,0.116,0.313
75,75,0.775,0.102,0.251
76,76,0.605,0.068,0.41
77,77,0.061,-0.027,-0.525
78,78,0.279,-0.047,-0.274
79,79,0.733,0.068,0.333
80,80,0.272,-0.144,-0.574
81,81,0.714,0.09,0.072
82,82,0.796,0.045,-0.146
83,83,0.836,0.139,0.526
84,84,0.698,0.085,0.112
85,85,0.441,-0.028,-0.371
86,86,0.385,0.002,-0.469
87,87,0.278,-0.036,-0.458
88,88,0.585,0.052,-0.098
89,89,0.705,0.105,0.467
90,90,0.163,0.045,0.334
91,91,0.886,0.222,-0.201
92,92,0.957,0.078,0.334
93,93,0.634,0.132,0.227
94,94,0.609,0.148,0.991
95,95,0.599,0.081,-0.106
96,96,0.47,0.046,-0.135
97,97,0.705,0.155,0.147
98,98,0.662,0.146,-0.13
99,99,0.766,0.242,0.983
100,100,0.893,0.0,0.997
101,101,0.367,-0.009,-0.453
102,102,0.462,-0.012,-0.0
103,103,0.3,-0.016,-0.436
104,104,0.653,0.072,0.093
105,105,0.96,0.617,1.0
106,106,0.984,0.23,0.914
107,107,0.262,0.033,0.121
108,108,0.668,0.045,-0.023
109,109,0.389,-0.081,-0.179
110,110,0.561,0.04,0.059
111,111,-0.045,-0.16,0.077
112,112,0.34,0.001,-0.502
113,113,0.594,0.0,0.314
114,114,0.445,0.02,-0.998
115,115,0.721,0.107,-0.142
116,116,0.494,0.172,0.02
117,117,0.409,0.053,0.086
118,118,0.397,0.042,-0.138
119,119,0.575,0.093,0.174
120,120,0.948,0.178,0.981
121,121,0.705,0.095,-0.47
122,122,0.542,0.131,-0.189
123,123,0.526,0.144,0.184
124,124,0.529,-0.037,-0.089
125,125,0.421,-0.019,-0.304
126,126,0.792,0.14,0.337
127,127,0.301,0.047,-0.065
128,128,0.304,-0.009,-0.242
129,129,0.624,0.179,0.584
130,130,0.28,0.024,0.359
131,131,0.345,0.056,-0.084
132,132,0.305,-0.021,-0.486
133,133,0.611,0.139,0.342
134,134,0.359,0.08,0.01
135,135,0.397,0.05,0.23
136,136,0.554,0.111,0.354
137,137,0.51,0.125,0.3
138,138,0.694,0.121,0.278
139,139,0.732,0.143,0.336
140,140,0.58,0.153,0.667
141,141,0.072,-0.094,-0.148
142,142,0.571,0.07,0.134
143,143,0.0,0.0,-0.673
144,144,0.91,0.044,1.0
145,145,0.988,0.022,-0.993
146,146,0.928,0.076,0.523
147,147,0.913,0.122,0.038
148,148,0.595,0.059,0.267
149,149,0.652,0.097,0.151
150,150,0.757,0.035,0.322
151,151,0.73,0.063,0.067
152,152,0.927,0.383,1.0
153,153,0.92,0.073,-0.111
154,154,0.537,0.024,0.389
155,155,0.486,0.11,0.198
156,156,0.607,0.116,0.344
157,157,0.95,0.15,1.0
158,158,0.862,0.115,0.922
159,159,0.837,0.1,0.457
160,160,0.501,0.029,0.342
161,161,0.632,0.049,0.674
162,162,0.33,0.044,-0.107
163,163,0.801,0.021,0.99
164,164,0.571,0.031,-0.288
165,165,0.498,0.056,0.015
166,166,-0.247,-0.117,-0.324
167,167,-0.366,-0.247,-0.994
168,168,0.783,0.14,0.423
169,169,0.771,0.111,0.332
170,170,0.614,0.013,-0.331
171,171,0.838,0.099,0.499
172,172,0.537,0.08,-0.109
173,173,0.561,0.021,-0.152
174,174,0.715,0.173,0.981
175,175,0.747,0.205,-0.327
176,176,0.435,0.022,-0.065
177,177,0.501,0.056,0.342
178,178,0.536,0.125,0.448
179,179,0.645,0.164,0.663
180,180,0.582,0.165,0.506
181,181,0.448,0.084,0.049
182,182,0.42,0.001,-0.023
183,183,-0.268,-0.183,-0.769
184,184,0.649,0.122,0.282
185,185,0.252,-0.026,0.058
186,186,-0.188,0.03,0.326
187,187,0.527,0.097,0.334
188,188,0.335,0.164,0.336
189,189,0.594,0.015,-0.069
190,190,0.338,0.105,0.27
191,191,0.512,0.161,0.255
192,192,0.438,0.101,-0.018
193,193,0.256,0.131,0.194
194,194,0.384,0.107,0.212
195,195,0.29,0.04,-0.126
196,196,0.293,0.118,0.268
197,197,0.292,0.037,0.146
198,198,0.403,0.113,0.324
199,199,0.953,0.031,0.089
200,200,0.485,-0.003,-0.524
201,201,0.326,-0.025,-0.028
202,202,0.494,0.136,0.396
203,203,0.623,0.194,0.598
204,204,0.859,0.058,0.996
205,205,0.926,0.053,0.997
206,206,0.92,0.047,-0.998
207,207,0.659,0.073,0.417
208,208,0.804,0.095,0.663
209,209,0.711,0.187,0.998
210,210,0.432,0.016,-0.247
211,211,0.08,-0.146,-0.591
212,212,0.685,0.131,0.357
213,213,0.461,0.064,0.301
214,214,0.904,0.116,0.996
215,215,0.264,-0.169,0.028
216,216,-0.67,-0.38,-1.0
217,217,0.147,0.041,0.098
218,218,0.658,0.108,0.15
219,219,0.028,-0.141,-0.611
220,220,0.506,0.04,-0.13
221,221,0.548,0.143,0.524
222,222,0.562,0.132,0.331
223,223,0.559,0.141,0.433
224,224,0.564,0.048,0.315
225,225,0.518,0.086,0.432
226,226,0.7,-0.027,-0.976
227,227,0.852,0.048,-0.15
228,228,0.315,0.038,0.194
229,229,0.094,-0.013,-0.365
230,230,0.137,-0.024,-0.144
231,231,0.404,0.062,0.195
232,232,0.335,0.023,-0.373
233,233,0.514,0.062,0.333
234,234,0.916,0.171,0.822
235,235,0.849,0.086,0.556
236,236,0.704,0.089,0.412
237,237,0.693,0.058,0.33
238,238,0.727,0.136,0.182
239,239,0.525,0.095,0.148
240,240,-0.012,-0.274,-0.999
241,241,0.835,0.082,0.716
242,242,0.58,-0.03,0.025
243,243,0.191,0.194,-0.327
244,244,0.615,0.031,0.233
245,245,0.378,0.236,0.994
246,246,0.794,0.147,-0.283
247,247,0.413,-0.067,-0.148
248,248,0.228,0.101,-0.33
249,249,0.399,-0.031,0.048
250,250,0.712,0.077,0.698
251,251,0.473,0.117,0.004
252,252,0.61,0.192,0.573
253,253,0.146,-0.04,0.127
254,254,0.193,0.061,0.079
255,255,0.725,0.212,0.992
256,256,0.49,-0.023,0.336
257,257,0.455,0.052,0.334
258,258,0.263,-0.005,0.48
259,259,0.504,0.055,0.052
260,260,0.887,0.175,0.986
261,261,0.623,0.09,0.257
262,262,0.379,-0.04,-0.157
263,263,0.747,0.225,0.999
264,264,0.902,0.092,0.916
265,265,0.952,0.27,0.996
266,266,0.556,-0.042,0.077
267,267,0.821,0.067,0.313
268,268,0.619,0.048,0.599
269,269,0.484,0.044,0.072
270,270,0.643,0.123,0.293
271,271,0.624,0.106,0.196
272,272,0.457,0.034,-0.106
273,273,0.85,0.16,0.723
274,274,0.271,-0.008,-0.323
275,275,0.622,0.047,0.316
276,276,0.859,0.067,0.311
277,277,0.537,0.116,0.25
278,278,0.28,-0.06,-0.969
279,279,0.762,0.102,-0.044
280,280,0.895,0.155,-0.083
281,281,0.313,0.075,-0.449
282,282,0.139,-0.002,-0.336
283,283,0.35,-0.018,-0.462
284,284,0.543,0.069,0.327
285,285,0.698,0.076,0.23
286,286,0.967,0.527,1.0
287,287,0.293,0.136,0.157
288,288,0.128,-0.007,-0.001
289,289,-0.052,-0.08,-0.993
290,290,0.281,0.082,0.196
291,291,0.365,0.062,0.102
292,292,0.208,0.031,-0.054
293,293,0.73,0.123,0.441
294,294,0.221,-0.092,-0.213
295,295,0.663,0.085,0.262
296,296,0.755,0.071,-0.186
297,297,0.289,0.009,-0.358
298,298,0.6,-0.028,0.2
299,299,-0.176,-0.375,-0.999
300,300,0.362,0.138,0.001
301,301,0.323,0.02,-0.108
302,302,0.462,0.067,0.181
303,303,0.48,0.097,0.463
304,304,0.534,0.076,0.196
305,305,0.604,0.107,0.415
306,306,0.598,0.139,0.588
307,307,0.482,0.079,-0.146
308,308,0.449,0.096,0.094
309,309,0.622,0.078,0.097
310,310,0.581,0.126,0.356
311,311,0.944,0.242,-0.996
312,312,-0.1,-0.248,-0.96
313,313,0.855,-0.08,-0.839
314,314,0.784,-0.175,0.997
315,315,0.789,0.191,0.999
316,316,0.963,0.007,0.999
317,317,0.962,-0.014,0.994
318,318,0.691,0.112,0.99
319,319,0.026,0.0,-0.995
320,320,0.54,0.032,-0.52
321,321,0.042,0.02,-0.239
322,322,0.522,0.137,0.53
323,323,0.494,0.078,0.264
324,324,0.345,0.06,0.045
325,325,0.511,0.177,0.461
326,326,0.344,0.058,0.023
327,327,0.588,0.165,0.357
328,328,0.606,0.183,0.187
329,329,-0.138,0.029,-0.377
330,330,0.261,0.015,-0.245
331,331,0.498,0.181,0.431
332,332,0.246,0.062,-0.184
333,333,0.358,0.112,0.158
334,334,0.393,0.02,0.064
335,335,0.455,0.079,0.303
336,336,0.085,-0.083,-0.573
337,337,0.516,0.109,0.966
338,338,0.437,0.014,-0.329
339,339,0.431,0.288,-0.01
340,340,0.288,0.167,0.997
341,341,0.542,0.55,-1.0
342,342,0.57,0.041,0.162
343,343,0.767,0.128,0.573
344,344,0.3,0.097,-0.614
345,345,-0.9,-0.168,-1.0
346,346,0.543,0.01,-0.174
347,347,0.95,0.367,-0.995
348,348,0.465,0.046,-0.495
349,349,0.395,-0.027,-0.295
350,350,0.694,0.172,0.663
351,351,0.315,0.055,0.174
352,352,0.645,0.193,0.566
353,353,0.463,0.071,0.318
354,354,0.414,0.004,0.156
355,355,0.581,0.145,0.433
356,356,0.468,0.07,0.338
357,357,0.606,0.075,0.278
358,358,0.515,0.069,0.094
359,359,0.611,0.163,0.432
360,360,0.522,0.141,0.312
361,361,0.664,0.077,0.143
362,362,0.586,0.069,0.338
363,363,0.937,0.219,0.741
364,364,0.756,0.085,-0.153
365,365,0.784,-0.087,0.033
366,366,0.59,0.071,0.233
367,367,0.698,0.064,0.177
368,368,0.637,0.3,1.0
369,369,0.145,0.036,-0.356
370,370,0.21,-0.107,-0.108
371,371,0.513,0.115,0.527
372,372,0.159,-0.098,-0.603
373,373,0.052,0.011,-0.796
374,374,0.258,-0.106,-0.16
375,375,0.798,0.071,0.187
376,376,0.66,0.131,0.49
377,377,0.233,0.045,-0.189
378,378,0.582,-0.021,-0.499
379,379,0.178,-0.094,-0.993
380,380,0.131,-0.065,0.095
381,381,0.473,0.003,-0.419
382,382,0.578,0.086,0.087
383,383,0.115,-0.061,-0.988
384,384,0.502,0.051,-0.031
385,385,0.217,0.01,0.091
386,386,-0.583,0.22,0.971
387,387,0.563,-0.013,0.167
388,388,0.76,0.048,0.204
389,389,0.913,0.136,0.462
390,390,0.481,0.065,0.011
391,391,0.381,0.011,-0.744
392,392,0.634,0.112,0.984
393,393,0.181,-0.061,-0.173
394,394,0.351,0.066,0.503
395,395,0.862,0.114,0.996
396,396,0.673,0.11,0.633
397,397,0.441,0.091,-0.129
398,398,0.24,0.028,-0.004
399,399,-0.149,-0.162,-0.651
400,400,0.634,0.141,0.067
401,401,0.584,0.067,0.073
402,402,0.048,-0.132,-0.735
403,403,0.432,0.003,-0.031
404,404,0.93,0.109,0.988
405,405,0.418,0.186,0.268
406,406,0.514,0.141,0.413
407,407,0.277,0.006,-0.059
408,408,0.681,0.192,0.324
409,409,0.384,0.04,0.097
410,410,0.611,0.005,-0.144
411,411,-0.145,-0.074,-0.387
412,412,-0.015,0.003,0.137
413,413,0.679,0.108,-0.096
414,414,0.602,0.058,0.765
415,415,0.353,-0.007,0.335
416,416,0.023,0.039,0.125
417,417,0.606,0.048,0.273
418,418,0.78,0.121,0.203
419,419,0.465,0.076,0.511
420,420,0.666,0.151,0.716
421,421,0.778,-0.066,0.029
422,422,0.925,-0.002,0.969
423,423,0.781,-0.032,-0.005
424,424,0.346,-0.061,-0.035
425,425,0.221,-0.001,-0.323
426,426,-0.174,-0.006,-0.09
427,427,0.54,-0.055,-0.339
428,428,0.343,0.079,-0.197
429,429,0.54,0.067,0.381
430,430,0.486,0.098,0.266
431,431,0.49,0.06,0.129
432,432,0.43,0.04,-0.302
433,433,-0.315,-0.1,-0.604
434,434,0.453,0.162,0.641
435,435,0.344,-0.003,-0.527
436,436,0.385,0.162,0.496
437,437,0.295,0.0,0.07
438,438,-0.452,-0.303,-0.702
439,439,0.543,0.13,0.15
440,440,0.315,0.048,0.056
441,441,0.557,0.02,0.095
442,442,0.387,0.003,-0.046
443,443,0.836,0.035,0.335
444,444,-0.054,-0.034,-0.989
445,445,0.457,-0.004,-0.002
446,446,0.588,0.026,0.364
447,447,0.773,0.221,0.998
448,448,0.494,0.069,0.136
449,449,0.085,-0.097,-0.68
450,450,0.77,0.003,0.805
451,451,0.55,-0.039,-0.089
452,452,0.533,0.104,0.106
453,453,0.544,0.138,0.158
454,454,0.426,0.081,0.044
455,455,0.608,0.03,-0.981
456,456,0.471,-0.038,-0.134
457,457,0.196,0.011,-0.47
458,458,0.829,-0.01,0.009
459,459,0.235,-0.0,-0.001
460,460,-0.07,-0.104,-0.976
461,461,0.621,0.065,0.106
462,462,0.539,-0.047,-0.971
463,463,-0.128,-0.14,-0.815
464,464,0.71,0.128,0.348
465,465,0.797,0.179,0.378
466,466,0.886,0.05,1.0
467,467,0.0,0.0,0.866
468,468,0.64,0.048,-0.131
469,469,-0.827,-0.184,-1.0
470,470,0.817,0.055,0.424
471,471,0.662,0.114,0.274
472,472,0.369,0.038,0.146
473,473,0.471,0.093,0.264
474,474,0.344,0.119,0.456
475,475,0.707,0.112,0.613
476,476,0.256,-0.039,-0.164
477,477,0.388,0.08,0.321
478,478,0.198,-0.005,-0.159
479,479,0.528,0.11,0.377
480,480,0.367,-0.009,-0.186
481,481,0.398,0.077,0.271
482,482,0.439,0.061,0.132
483,483,0.639,0.038,-0.238
484,484,0.65,0.175,-0.268
485,485,0.406,-0.001,-0.312
486,486,0.262,-0.012,-0.433
487,487,0.818,0.202,1.0
488,488,0.103,-0.05,-1.0
489,489,0.76,0.074,0.322
490,490,-0.349,-0.089,-0.333
491,491,0.68,0.111,0.509
492,492,0.584,0.07,-0.255
493,493,0.727,0.065,0.377
494,494,0.503,0.118,-0.023
495,495,0.168,0.018,-0.103
496,496,0.158,0.026,-0.383
497,497,0.737,-0.033,-0.998
498,498,0.536,0.061,0.242
499,499,0.446,0.166,0.446
500,500,0.476,0.106,0.216
501,501,0.513,0.005,-0.378
502,502,0.395,0.031,0.383
503,503,0.424,0.016,-0.13
504,504,0.247,0.059,0.077
505,505,0.287,0.013,-0.157
506,506,0.344,0.048,-0.069
507,507,0.235,0.077,0.21
508,508,-0.37,-0.095,-0.997
509,509,0.493,0.166,0.326
510,510,0.301,0.106,0.586
511,511,-0.191,-0.043,-0.324
512,512,0.277,0.119,0.635
513,513,0.02,0.021,0.057
514,514,0.214,-0.069,0.283
515,515,-0.016,0.029,-0.309
516,516,0.501,-0.032,0.012
517,517,0.395,-0.007,0.043
518,518,0.527,0.03,0.07
519,519,-0.973,-0.019,-0.985
520,520,0.939,0.189,-0.979
521,521,0.168,0.025,0.005
522,522,-0.278,-0.093,-0.993
523,523,0.559,-0.036,-0.509
524,524,0.454,0.123,0.448
525,525,0.591,0.179,0.526
526,526,0.537,0.016,-0.196
527,527,0.465,0.084,0.146
528,528,0.632,0.108,0.321
529,529,0.273,0.097,0.2
530,530,0.64,-0.039,0.137
531,531,0.785,0.122,0.553
532,532,0.502,0.097,0.241
533,533,0.592,0.072,-0.028
534,534,0.431,-0.35,0.966
535,535,0.301,-0.012,-0.44
536,536,0.616,0.066,-0.059
537,537,0.609,0.11,0.232
538,538,0.453,0.069,-0.076
539,539,0.698,-0.077,-0.328
540,540,0.179,-0.031,-0.693
541,541,-0.445,-0.254,-0.01
542,542,0.609,0.106,0.241
543,543,0.107,-0.016,-0.589
544,544,0.483,0.049,0.043
545,545,0.761,0.096,1.0
546,546,0.356,0.089,0.345
547,547,-0.159,-0.076,-0.417
548,548,0.52,0.216,0.577
549,549,0.239,0.125,0.167
550,550,0.363,0.1,0.141
551,551,-0.352,-0.336,-0.998
552,552,0.542,0.17,0.598
553,553,0.569,0.058,-0.154
554,554,0.526,0.067,0.454
555,555,0.0,0.018,-0.983
556,556,0.275,-0.081,-0.319
557,557,0.91,0.113,0.951
558,558,0.44,0.131,0.372
559,559,-0.289,-0.225,-0.576
560,560,0.464,0.071,0.445
561,561,0.68,0.113,0.237
562,562,0.061,-0.108,-0.322
563,563,0.34,-0.011,0.036
564,564,0.979,0.04,0.991
565,565,0.875,0.037,-0.913
566,566,0.414,0.043,-0.066
567,567,0.563,0.068,0.033
568,568,0.672,0.11,0.209
569,569,0.437,0.032,-0.081
570,570,0.603,0.075,-0.019
571,571,0.316,0.009,-0.188
572,572,0.158,-0.158,-0.535
573,573,0.899,0.186,0.744
574,574,0.713,0.107,0.011
575,575,0.796,0.161,0.656
576,576,0.697,0.108,0.282
577,577,0.575,0.067,-0.06
578,578,0.35,-0.267,-0.998
579,579,0.816,0.161,0.301
580,580,0.631,0.136,0.459
581,581,0.65,0.246,-0.002
582,582,0.713,0.048,-0.114
583,583,0.749,0.135,0.669
584,584,0.636,0.017,0.125
585,585,0.552,0.062,0.252
586,586,0.851,0.159,0.666
587,587,0.879,0.126,0.995
588,588,0.27,0.047,-0.001
589,589,0.588,0.067,0.323
590,590,0.796,0.097,0.518
591,591,0.209,0.077,-0.521
592,592,0.831,0.123,0.335
593,593,0.754,-0.093,-0.011
594,594,0.875,0.025,0.999
595,595,0.487,-0.07,0.501
596,596,0.615,0.068,0.169
597,597,0.551,0.095,-0.047
598,598,0.517,-0.016,-0.242
599,599,0.718,0.108,0.235
600,600,0.449,0.052,-0.033
601,601,0.756,0.091,-0.033
602,602,0.71,0.052,0.237
603,603,0.215,0.06,0.163
604,604,-0.019,0.003,-0.998
605,605,0.55,-0.079,-0.178
606,606,0.373,-0.087,-0.996
607,607,0.661,-0.006,-0.117
608,608,0.737,0.155,0.381
609,609,0.716,0.208,0.594
610,610,0.812,0.173,0.502
611,611,0.954,0.131,0.995
612,612,0.571,0.002,0.975
613,613,0.077,0.051,0.022
614,614,0.193,0.075,-0.125
615,615,0.06,0.046,0.214
616,616,0.59,0.095,0.272
617,617,0.41,0.038,-0.327
618,618,0.297,-0.015,-0.97
619,619,0.405,0.028,-0.302
620,620,0.345,0.071,-0.027
621,621,0.599,0.14,0.272
622,622,0.747,-0.027,0.243
623,623,0.768,0.204,0.479
624,624,0.337,-0.027,-0.4
625,625,0.657,0.181,0.231
626,626,0.552,0.037,0.429
627,627,0.62,0.164,0.497
628,628,0.312,0.088,-0.027
629,629,0.656,0.169,0.874
630,630,0.574,0.118,0.487
631,631,0.598,0.083,-0.122
632,632,0.596,0.078,0.18
633,633,0.935,0.129,0.189
634,634,0.624,0.091,0.312
635,635,0.683,0.099,0.286
636,636,0.219,-0.062,-0.134
637,637,0.096,-0.175,-0.845
638,638,0.399,0.131,0.377
639,639,0.51,0.074,0.211
640,640,0.709,0.075,-0.202
641,641,0.041,-0.113,-0.987
642,642,0.78,0.237,0.713
643,643,0.094,0.093,-0.513
644,644,0.685,0.086,0.772
645,645,0.378,0.036,-0.168
646,646,-0.809,-0.385,-0.994
647,647,0.784,0.043,0.148
648,648,0.637,0.1,1.0
649,649,0.813,0.222,0.329
650,650,0.366,0.017,-0.382
651,651,0.493,0.062,0.048
652,652,0.903,0.031,0.328
653,653,0.596,0.087,0.015
654,654,-0.184,-0.262,-0.465
655,655,0.561,0.024,0.404
656,656,0.773,0.15,0.322
657,657,0.731,0.162,0.305
658,658,0.886,0.093,0.576
659,659,0.65,0.041,-0.254
660,660,0.229,-0.034,-0.58
661,661,0.917,0.202,0.733
662,662,0.651,0.151,0.216
663,663,0.817,0.182,0.42
664,664,0.846,0.129,0.456
665,665,0.687,0.093,0.329
666,666,0.575,-0.063,-0.992
667,667,0.616,0.071,0.51
668,668,-0.357,-0.16,-0.998
669,669,0.159,-0.032,-0.426
670,670,0.712,0.141,0.589
671,671,0.526,0.069,0.09
672,672,0.62,0.046,0.117
673,673,0.882,0.155,0.631
674,674,0.698,-0.051,0.349
675,675,0.592,0.109,0.492
676,676,0.584,0.012,-0.175
677,677,0.684,0.065,-0.024
678,678,0.192,-0.005,-0.35
679,679,0.547,0.072,0.049
680,680,0.365,-0.037,0.215
681,681,0.992,0.173,0.956
682,682,0.717,0.127,0.315
683,683,0.161,-0.044,-0.48
684,684,0.711,0.133,0.478
685,685,0.18,-0.105,-0.519
686,686,0.773,0.036,0.992
687,687,0.284,-0.063,-0.386
688,688,0.59,0.04,-0.046
689,689,0.804,0.197,0.572
690,690,0.423,-0.011,-0.488
691,691,0.64,-0.001,0.21
692,692,0.968,0.115,0.175
693,693,0.174,0.01,-0.671
694,694,0.491,0.123,0.371
695,695,0.166,0.05,-0.161
696,696,0.324,-0.001,-0.0
697,697,0.722,0.068,0.279
698,698,0.275,0.158,0.436
699,699,0.84,0.204,0.791
700,700,0.234,0.067,-0.342
701,701,0.53,-0.029,-0.98
702,702,0.324,0.074,-0.161
703,703,0.171,-0.054,-0.471
704,704,0.534,0.051,0.104
705,705,0.764,0.237,0.998
706,706,0.578,0.142,0.262
707,707,-0.958,0.045,-0.999
708,708,0.515,0.045,0.245
709,709,-0.032,-0.143,-0.663
710,710,0.284,0.039,-0.297
711,711,0.715,0.111,-0.171
712,712,0.777,0.193,0.38
713,713,0.006,-0.05,-0.496
714,714,0.19,-0.174,-0.333
715,715,0.97,0.045,-0.923
716,716,0.581,0.051,-0.543
717,717,0.488,0.047,-0.118
718,718,0.535,-0.002,-0.388
719,719,0.371,0.011,-0.207
720,720,0.336,0.025,-0.376
721,721,0.377,0.017,-0.345
722,722,0.852,0.078,0.999
723,723,0.461,-0.012,-0.072
724,724,0.598,0.077,0.06
725,725,0.343,-0.036,0.144
726,726,0.34,-0.051,-0.549
727,727,0.747,0.124,0.317
728,728,0.748,0.086,0.663
729,729,0.885,0.126,0.193
730,730,0.259,0.057,0.208
731,731,0.355,0.014,-0.225
732,732,0.618,0.057,0.539
733,733,0.639,0.114,0.659
734,734,0.482,0.062,-0.495
735,735,-0.049,-0.054,-0.711
736,736,0.061,0.011,0.024
737,737,0.233,0.023,-0.078
738,738,0.356,0.013,-0.04
739,739,0.826,0.11,0.254
740,740,0.774,0.088,0.676
741,741,0.203,-0.004,-0.321
742,742,0.469,0.073,0.028
743,743,0.61,0.046,0.273
744,744,0.445,0.028,-0.187
745,745,0.732,0.158,0.537
746,746,0.43,-0.028,-0.447
747,747,-0.197,-0.083,-0.568
748,748,0.127,-0.062,-0.499
749,749,0.388,0.053,-0.98
750,750,0.69,0.085,0.56
751,751,0.924,0.046,0.331
752,752,0.295,0.07,0.144
753,753,0.537,0.072,0.131
754,754,0.527,-0.033,-0.347
755,755,0.749,0.145,0.141
756,756,0.915,0.188,0.194
757,757,0.931,0.06,0.079
758,758,0.751,0.074,0.051
759,759,0.662,0.133,0.493
760,760,0.428,0.026,-0.587
761,761,0.965,0.169,-0.981
762,762,0.743,-0.3,0.947
763,763,0.512,-0.004,0.673
764,764,0.198,-0.059,-0.092
765,765,0.916,0.242,0.999
766,766,0.395,-0.024,-0.434
767,767,0.562,0.102,0.629
768,768,0.976,0.012,-0.958
769,769,0.258,0.121,0.66
770,770,-0.976,-0.109,-0.941
771,771,0.649,0.104,0.312
772,772,0.769,0.063,0.266
773,773,0.613,-0.015,0.664
774,774,0.022,0.042,0.015
775,775,0.108,0.022,-0.033
776,776,0.714,0.062,-0.274
777,777,0.132,0.107,-0.323
778,778,0.883,0.072,0.992
779,779,0.649,0.18,-0.286
780,780,0.414,0.032,0.219
781,781,0.726,0.11,-0.01
782,782,0.554,0.068,-0.19
783,783,0.628,0.092,0.091
784,784,0.221,-0.019,-0.475
785,785,0.704,0.019,-0.055
786,786,0.727,0.259,0.742
787,787,0.356,-0.018,-0.247
788,788,0.531,0.101,0.069
789,789,0.731,0.139,0.52
790,790,0.513,0.023,-0.052
791,791,0.252,-0.047,-0.423
792,792,0.496,0.084,0.137
793,793,0.418,0.04,-0.098
794,794,0.0,-0.13,-0.661
795,795,0.569,0.142,0.275
796,796,0.507,0.032,0.263
797,797,0.56,-0.013,-0.32
798,798,-0.089,-0.144,-0.039
799,799,-0.37,-0.291,-0.999
800,800,0.756,0.061,0.176
801,801,0.262,0.003,0.172
802,802,0.065,-0.002,-0.277
803,803,0.39,0.149,0.409
804,804,0.405,0.11,0.295
805,805,0.33,0.082,-0.26
806,806,0.733,0.042,0.007
807,807,-0.079,0.0,-0.028
808,808,-0.088,0.039,0.228
809,809,0.387,0.078,0.164
810,810,0.191,0.045,-0.007
811,811,0.212,0.163,0.002
812,812,0.966,0.157,-0.925
813,813,0.223,0.006,-0.572
814,814,0.391,0.15,-0.015
815,815,0.795,0.247,0.946
816,816,0.315,-0.02,-0.448
817,817,0.268,-0.024,-0.44
818,818,0.229,-0.06,-0.55
819,819,0.244,0.016,-0.224
820,820,0.594,0.075,0.139
821,821,0.646,0.136,0.064
822,822,0.572,0.089,0.059
823,823,0.354,0.014,-0.347
824,824,0.771,0.085,0.395
825,825,0.191,0.169,0.014
826,826,0.536,0.142,0.341
827,827,0.442,-0.009,0.487
828,828,0.57,0.031,0.066
829,829,0.097,0.029,-0.307
830,830,0.57,0.085,0.32
831,831,0.636,0.077,0.064
832,832,0.878,0.156,1.0
833,833,0.579,0.143,0.186
834,834,0.186,0.024,-0.178
835,835,0.041,-0.168,-0.6
836,836,0.921,0.121,0.638
837,837,0.936,0.294,0.383
838,838,0.465,0.036,-0.225
839,839,0.686,0.004,-0.009
840,840,0.649,0.024,0.428
841,841,0.64,0.03,0.155
842,842,0.919,0.207,0.669
843,843,0.743,0.04,0.999
844,844,0.607,0.089,0.424
845,845,0.735,0.167,0.232
846,846,0.662,0.117,0.317
847,847,0.631,0.127,0.224
848,848,0.634,0.101,0.441
849,849,0.413,0.012,0.002
850,850,0.736,0.216,0.654
851,851,0.418,-0.011,-0.151
852,852,0.546,0.023,-0.224
853,853,0.859,0.188,0.987
854,854,0.585,0.058,0.49
855,855,0.619,0.105,0.14
856,856,0.407,0.136,0.205
857,857,0.429,0.035,0.007
858,858,0.593,0.077,-0.052
859,859,0.786,0.195,0.286
860,860,0.561,0.038,0.086
861,861,0.848,0.117,0.312
862,862,0.613,0.129,0.662
863,863,0.618,0.184,0.332
864,864,0.727,0.159,0.492
865,865,0.44,0.128,0.348
866,866,0.361,0.048,-0.162
867,867,0.693,0.147,0.723
868,868,0.918,0.157,0.481
869,869,0.785,0.068,0.48
870,870,0.52,0.091,-0.082
871,871,0.596,-0.011,0.001
872,872,0.644,0.1,0.427
873,873,0.622,0.122,0.468
874,874,0.714,0.151,0.772
875,875,0.383,0.075,0.109
876,876,0.468,-0.006,-0.019
877,877,0.63,0.087,0.513
878,878,0.457,0.252,-0.207
879,879,0.786,0.107,0.259
880,880,0.723,0.087,0.34
881,881,0.326,-0.007,-0.367
882,882,0.188,-0.07,-0.599
883,883,0.389,-0.069,-0.584
884,884,0.504,0.021,-0.35
885,885,0.914,0.153,0.012
886,886,0.976,0.125,0.978
887,887,0.208,-0.132,-0.658
888,888,0.89,0.295,0.812
889,889,0.281,0.133,-0.167
890,890,0.767,0.101,0.216
891,891,0.755,0.198,0.569
892,892,0.749,0.208,0.584
893,893,0.586,0.118,0.293
894,894,0.262,-0.016,-0.374
895,895,0.64,0.122,0.184
896,896,0.741,0.117,0.248
897,897,0.712,0.151,0.59
898,898,0.563,0.033,-0.113
899,899,0.543,0.143,0.264
900,900,0.911,0.065,0.726
901,901,0.887,0.127,0.496
902,902,0.496,0.005,-0.59
903,903,0.566,0.095,0.374
904,904,0.845,0.243,0.995
905,905,0.708,0.148,0.891
906,906,0.417,0.058,-0.095
907,907,0.554,0.053,0.326
908,908,0.751,0.12,0.6
909,909,0.978,0.004,0.998
910,910,0.761,0.097,-0.002
911,911,0.696,0.073,0.303
912,912,0.504,0.191,0.497
913,913,0.37,-0.012,-0.494
914,914,0.18,0.006,0.018
915,915,-0.909,-0.405,-0.999
916,916,0.609,0.098,-0.008
917,917,0.489,0.049,0.496
918,918,0.376,0.075,0.006
919,919,0.234,0.109,0.002
920,920,0.366,0.104,0.327
921,921,0.303,-0.235,0.878
922,922,0.292,0.007,-0.665
923,923,0.846,0.114,-0.178
924,924,0.351,-0.001,0.43
925,925,0.283,-0.125,-0.332
926,926,0.687,0.054,0.253
927,927,-0.107,-0.167,-0.037
928,928,0.863,0.011,-0.993
929,929,0.974,0.107,0.994
930,930,0.67,0.01,-0.021
931,931,0.823,0.097,0.014
932,932,0.433,-0.029,-0.339
933,933,0.395,-0.188,-0.426
934,934,0.14,-0.104,-0.001
935,935,-0.065,-0.228,-0.992
936,936,0.869,0.067,1.0
937,937,0.83,0.072,0.593
938,938,0.824,0.083,-0.325
939,939,0.43,0.148,0.535
940,940,0.676,0.258,0.661
941,941,0.666,0.287,0.655
942,942,0.068,-0.014,-0.198
943,943,0.322,0.118,0.058
944,944,0.827,0.165,0.536
945,945,-0.195,-0.046,-0.268
946,946,0.946,0.319,0.999
947,947,-0.13,0.011,0.282
948,948,-0.055,0.034,-0.034
949,949,0.374,0.054,0.516
950,950,0.751,0.179,0.789
951,951,0.816,0.112,0.332
952,952,0.724,0.112,0.5
953,953,0.294,0.118,-0.191
954,954,0.752,0.367,0.989
955,955,0.722,0.125,0.457
956,956,0.799,0.104,0.565
957,957,0.404,0.001,-0.097
958,958,0.355,-0.066,-0.328
959,959,0.587,0.026,-0.534
960,960,0.41,0.005,-0.043
961,961,0.418,0.145,0.468
962,962,0.462,0.105,0.007
963,963,0.419,0.217,0.669
964,964,0.454,0.196,0.447
965,965,0.21,0.099,0.177
966,966,0.374,0.153,0.432
967,967,0.41,0.105,0.337
968,968,0.725,0.187,0.596
969,969,0.472,0.037,0.197
970,970,0.368,0.046,0.345
971,971,0.878,0.109,0.803
972,972,0.705,0.095,0.556
973,973,0.213,-0.028,-0.183
974,974,0.681,0.197,0.662
975,975,0.69,0.083,0.234
976,976,0.739,0.168,0.467
977,977,0.409,0.029,-0.249
978,978,0.337,0.102,0.075
979,979,0.51,0.073,-0.009
980,980,0.394,0.054,-0.173
981,981,0.588,0.035,0.186
982,982,0.878,0.503,1.0
983,983,0.472,0.133,0.777
984,984,0.685,0.118,0.446
985,985,0.545,0.088,0.483
986,986,0.594,0.103,0.171
987,987,0.127,-0.117,-0.735
988,988,0.536,0.136,0.051
989,989,0.647,0.148,0.37
990,990,0.93,0.179,0.999
991,991,0.388,0.054,0.226
992,992,0.6,0.18,0.454
993,993,0.51,0.107,0.194
994,994,0.697,0.165,0.422
995,995,0.516,0.116,0.133
996,996,0.5,0.123,0.196
997,997,0.593,0.12,0.398
998,998,0.505,0.052,0.229
999,999,0.797,0.185,0.695
1000,1000,0.761,0.192,0.115
1001,1001,0.311,-0.017,-0.188
1002,1002,0.868,0.135,0.511
1003,1003,0.652,0.136,0.377
1004,1004,0.735,0.101,0.316
1005,1005,0.87,0.135,0.396
1006,1006,0.48,0.055,0.081
1007,1007,0.474,0.055,-0.083
1008,1008,0.53,0.069,-0.028
1009,1009,0.525,0.073,-0.116
1010,1010,0.724,0.28,0.992
1011,1011,0.894,0.117,0.999
1012,1012,0.975,0.071,0.988
1013,1013,0.901,-0.015,-0.975
1014,1014,0.682,0.102,0.382
1015,1015,0.379,0.079,-0.16
1016,1016,0.649,0.028,-0.999
1017,1017,0.893,0.25,1.0
1018,1018,0.779,0.153,0.997
1019,1019,0.917,0.529,1.0
1020,1020,0.652,0.095,0.303
1021,1021,0.598,0.203,0.496
1022,1022,0.823,0.084,0.222
1023,1023,0.663,0.019,0.075
1024,1024,0.522,0.159,-0.405
1025,1025,0.899,0.182,0.488
1026,1026,0.816,0.181,0.482
1027,1027,0.634,0.036,-0.385
1028,1028,-0.048,-0.026,-0.332
1029,1029,0.581,-0.001,0.006
1030,1030,0.903,0.156,0.174
1031,1031,0.744,0.264,0.42
1032,1032,0.444,-0.047,-0.326
1033,1033,0.873,0.134,0.797
1034,1034,0.736,-0.016,-0.707
1035,1035,0.801,0.07,-0.01
1036,1036,0.366,0.098,0.426
1037,1037,0.344,0.074,0.001
1038,1038,0.835,0.099,0.708
1039,1039,0.132,0.021,-0.178
1040,1040,0.644,0.104,0.472
1041,1041,0.865,0.032,0.026
1042,1042,0.645,0.15,0.448
1043,1043,0.682,0.169,0.011
1044,1044,0.638,0.184,0.503
1045,1045,0.548,0.132,0.544
1046,1046,0.328,0.068,0.119
1047,1047,0.191,0.028,-0.191
1048,1048,0.609,0.075,0.367
1049,1049,0.449,0.135,0.304
1050,1050,0.466,0.131,0.202
1051,1051,0.603,0.199,0.501
1052,1052,0.356,0.116,0.109
1053,1053,0.71,0.121,0.213
1054,1054,0.793,0.039,0.935
1055,1055,0.284,-0.104,-0.611
1056,1056,0.509,0.031,0.098
1057,1057,0.257,-0.091,-0.296
1058,1058,0.558,0.014,-0.089
1059,1059,0.456,-0.071,-0.339
1060,1060,0.489,0.049,0.163
1061,1061,0.613,0.072,0.362
1062,1062,0.766,0.187,0.808
1063,1063,0.81,0.009,-0.036
1064,1064,0.978,0.225,0.971
1065,1065,0.778,0.131,0.353
1066,1066,0.834,0.133,0.743
1067,1067,0.952,0.17,0.999
1068,1068,0.882,0.138,0.987
1069,1069,0.926,0.174,0.971
1070,1070,0.639,0.038,-0.475
1071,1071,0.654,-0.042,-0.662
1072,1072,0.955,0.036,-0.174
1073,1073,0.951,0.086,0.296
1074,1074,0.058,-0.137,-0.997
1075,1075,0.822,0.119,0.285
1076,1076,0.717,0.095,0.106
1077,1077,0.618,0.025,-0.041
1078,1078,0.816,0.106,0.45
1079,1079,0.427,0.154,0.329
1080,1080,0.056,-0.065,-0.722
1081,1081,-0.027,0.034,-0.813
1082,1082,0.315,0.015,-0.358
1083,1083,0.374,-0.005,0.172
1084,1084,-0.196,-0.148,0.027
1085,1085,0.474,0.039,0.192
1086,1086,0.498,0.062,0.3
1087,1087,0.242,-0.02,-0.253
1088,1088,0.703,0.033,0.727
1089,1089,0.546,-0.029,0.335
1090,1090,0.994,-0.015,-0.007
1091,1091,0.961,0.073,0.507
1092,1092,0.021,-0.046,0.001
1093,1093,0.605,0.168,0.258
1094,1094,0.885,0.132,0.102
1095,1095,0.453,0.166,0.679
1096,1096,0.839,0.214,0.049
1097,1097,0.878,0.125,0.975
1098,1098,0.453,0.076,0.36
1099,1099,0.565,0.097,0.225
1100,1100,0.543,0.116,0.334
1101,1101,0.511,0.032,0.033
1102,1102,0.255,0.003,-0.397
1103,1103,0.216,-0.026,-0.366
1104,1104,0.256,-0.085,-0.11
1105,1105,0.463,0.146,0.4
1106,1106,0.508,0.107,-0.106
1107,1107,0.843,0.265,0.493
1108,1108,0.842,0.222,0.661
1109,1109,0.898,0.244,0.202
1110,1110,0.847,0.075,0.164
1111,1111,0.917,0.077,-0.318
1112,1112,0.847,0.138,0.347
1113,1113,0.366,-0.009,0.099
1114,1114,0.767,0.146,0.617
1115,1115,0.847,0.143,0.737
1116,1116,-0.118,-0.163,-0.631
1117,1117,0.422,0.06,0.394
1118,1118,0.42,-0.008,-0.155
1119,1119,0.1,-0.135,-0.663
1120,1120,0.539,0.139,0.19
1121,1121,0.601,0.025,0.036
1122,1122,0.466,0.051,-0.291
1123,1123,0.82,0.074,-0.007
1124,1124,0.675,0.043,0.106
1125,1125,0.798,0.107,0.689
1126,1126,0.647,0.296,0.333
1127,1127,0.666,0.033,0.821
1128,1128,0.558,0.195,0.461
1129,1129,0.582,0.031,0.168
1130,1130,0.479,0.074,0.341
1131,1131,0.582,0.104,0.574
1132,1132,0.448,0.115,0.001
1133,1133,0.763,0.125,-0.102
1134,1134,0.068,0.056,0.037
1135,1135,0.873,0.227,0.533
1136,1136,0.731,0.238,0.365
1137,1137,0.674,0.143,0.496
1138,1138,0.639,0.134,0.384
1139,1139,0.184,0.032,-0.099
1140,1140,0.423,0.038,-0.01
1141,1141,0.601,0.082,0.431
1142,1142,0.651,0.09,0.667
1143,1143,0.741,0.09,0.668
1144,1144,0.494,0.073,-0.362
1145,1145,0.491,-0.008,0.419
1146,1146,0.697,0.129,0.257
1147,1147,0.903,0.024,-0.422
1148,1148,0.646,0.137,0.0
1149,1149,-0.494,-0.35,-1.0
1150,1150,0.72,0.23,-0.015
1151,1151,0.242,0.029,-0.246
1152,1152,0.782,0.027,0.5
1153,1153,0.768,0.025,0.984
1154,1154,0.81,0.109,0.501
1155,1155,-0.004,-0.132,-0.563
1156,1156,0.946,0.186,0.957
1157,1157,0.472,0.004,-0.199
1158,1158,0.57,0.003,0.494
1159,1159,0.887,0.103,0.462
1160,1160,0.631,0.105,0.298
1161,1161,0.549,0.107,0.323
1162,1162,0.152,-0.084,-0.489
1163,1163,0.642,0.112,0.55
1164,1164,0.334,0.061,0.196
1165,1165,0.473,0.023,-0.108
1166,1166,0.516,0.077,0.306
1167,1167,0.77,0.138,0.519
1168,1168,0.38,0.051,-0.965
1169,1169,0.51,0.002,0.057
1170,1170,0.49,0.084,0.142
1171,1171,-0.754,-0.137,-0.995
1172,1172,0.665,0.134,0.543
1173,1173,-0.281,-0.166,-0.457
1174,1174,0.132,0.098,-0.014
1175,1175,0.484,0.104,0.123
1176,1176,0.562,0.054,0.062
1177,1177,0.728,0.116,0.607
1178,1178,0.407,-0.045,-0.39
1179,1179,0.284,0.008,-0.282
1180,1180,0.404,0.034,0.051
1181,1181,0.388,0.037,-0.042
1182,1182,0.268,-0.012,-0.748
1183,1183,0.602,0.086,0.236
1184,1184,0.392,0.007,-0.18
1185,1185,0.656,0.085,0.408
1186,1186,0.691,0.101,0.135
1187,1187,0.812,0.235,0.989
1188,1188,0.621,0.073,0.521
1189,1189,0.029,-0.057,-0.419
1190,1190,0.081,-0.027,-0.296
1191,1191,0.74,0.053,0.442
1192,1192,0.712,0.104,0.556
1193,1193,0.589,0.093,0.503
1194,1194,0.883,0.072,0.7
1195,1195,0.482,0.003,0.599
1196,1196,0.801,0.228,0.762
1197,1197,0.059,0.152,-0.108
1198,1198,0.311,0.014,0.042
1199,1199,0.433,0.055,0.463
1200,1200,0.038,-0.023,-0.486
1201,1201,0.55,0.142,0.367
1202,1202,0.633,0.178,0.393
1203,1203,0.702,0.146,0.585
1204,1204,0.747,0.194,0.688
1205,1205,0.208,-0.022,-0.261
1206,1206,0.614,0.014,0.036
1207,1207,0.292,-0.042,-0.215
1208,1208,0.795,0.135,0.213
1209,1209,0.661,0.017,-0.071
1210,1210,0.813,0.078,0.449
1211,1211,0.233,-0.031,-0.195
1212,1212,0.674,0.092,-0.075
1213,1213,0.89,0.148,0.278
1214,1214,0.176,-0.023,-0.329
1215,1215,0.159,-0.147,-0.489
1216,1216,0.478,0.058,-0.093
1217,1217,0.715,0.057,0.299
1218,1218,0.328,-0.012,0.101
1219,1219,0.465,0.074,0.412
1220,1220,0.485,-0.003,0.086
1221,1221,0.771,0.192,0.605
1222,1222,0.265,-0.041,-0.15
1223,1223,0.604,0.164,0.334
1224,1224,0.545,0.134,0.495
1225,1225,0.534,0.05,-0.502
1226,1226,0.073,-0.162,-0.354
1227,1227,0.55,0.058,0.212
1228,1228,0.782,-0.025,-0.05
1229,1229,0.678,0.088,0.143
1230,1230,0.682,0.062,0.314
1231,1231,0.808,0.114,0.459
1232,1232,0.587,0.089,0.331
1233,1233,0.835,0.133,0.666
1234,1234,0.766,0.095,0.493
1235,1235,0.528,0.182,0.253
1236,1236,0.69,0.144,0.691
1237,1237,0.845,0.181,0.699
1238,1238,0.721,0.14,0.577
1239,1239,0.739,0.174,0.543
1240,1240,0.136,-0.054,-0.303
1241,1241,-0.121,0.034,-0.138
1242,1242,0.056,-0.08,0.002
1243,1243,0.617,0.115,0.289
1244,1244,-0.077,0.1,-1.0
1245,1245,0.318,-0.023,0.998
1246,1246,0.0,0.048,0.608
1247,1247,0.575,0.22,-0.055
1248,1248,0.078,-0.041,0.901
1249,1249,0.681,0.069,-0.027
1250,1250,0.562,0.076,0.231
1251,1251,0.508,0.081,0.522
1252,1252,-0.19,-0.012,-0.601
1253,1253,0.945,0.33,0.88
1254,1254,0.304,-0.098,-0.264
1255,1255,0.379,0.022,0.096
1256,1256,0.626,0.044,0.262
1257,1257,0.346,-0.028,-0.061
1258,1258,-0.013,-0.105,-0.998
1259,1259,0.509,0.087,0.294
1260,1260,0.544,0.123,0.41
1261,1261,0.245,0.057,0.316
1262,1262,0.829,0.321,0.536
1263,1263,0.272,0.206,0.333
1264,1264,0.208,0.007,0.988
1265,1265,0.254,-0.019,-0.141
1266,1266,0.048,0.033,-0.131
1267,1267,0.286,0.196,-0.012
1268,1268,0.778,0.103,1.0
1269,1269,0.609,0.055,0.174
1270,1270,0.549,0.046,0.015
1271,1271,0.57,0.109,0.226
1272,1272,0.579,0.09,0.343
1273,1273,0.843,0.104,0.662
1274,1274,0.643,0.081,0.418
1275,1275,0.682,0.085,0.157
1276,1276,0.62,0.095,0.343
1277,1277,0.624,0.105,0.397
1278,1278,0.444,0.026,-0.208
1279,1279,0.629,0.111,0.455
1280,1280,0.748,0.092,0.19
1281,1281,0.656,0.084,0.316
1282,1282,0.708,0.122,0.199
1283,1283,0.688,0.073,0.248
1284,1284,0.657,0.134,-0.314
1285,1285,0.494,0.117,0.243
1286,1286,0.465,0.082,0.292
1287,1287,0.516,0.105,0.351
1288,1288,0.583,0.101,0.26
1289,1289,0.563,0.016,-0.231
1290,1290,0.626,0.042,0.285
1291,1291,0.89,0.279,0.527
1292,1292,0.368,-0.057,0.111
1293,1293,0.443,-0.062,-0.181
1294,1294,0.683,0.137,0.722
1295,1295,0.422,0.038,-0.068
1296,1296,0.645,0.083,0.385
1297,1297,0.945,0.041,-0.0
1298,1298,0.462,-0.026,-0.162
1299,1299,0.804,0.119,0.66
1300,1300,0.71,0.1,0.599
1301,1301,0.765,0.132,0.688
1302,1302,0.554,0.051,0.044
1303,1303,0.618,0.037,-0.062
1304,1304,0.864,0.196,0.481
1305,1305,0.734,0.086,0.115
1306,1306,0.801,0.103,0.488
1307,1307,0.642,0.07,0.244
1308,1308,-0.117,-0.152,-0.491
1309,1309,0.377,-0.006,0.491
1310,1310,0.678,-0.153,-0.137
1311,1311,0.807,0.167,0.661
1312,1312,0.773,0.066,-0.674
1313,1313,0.172,-0.002,-0.198
1314,1314,0.435,0.049,-0.47
1315,1315,0.957,0.187,0.512
1316,1316,0.688,0.054,0.073
1317,1317,0.925,0.4,0.976
1318,1318,0.558,0.002,-0.307
1319,1319,0.919,0.137,0.997
1320,1320,0.573,0.132,0.498
1321,1321,0.154,0.04,-0.242
1322,1322,0.595,0.121,0.286
1323,1323,0.473,0.026,-0.043
1324,1324,0.427,0.019,-0.19
1325,1325,0.357,0.039,-0.164
1326,1326,0.171,-0.03,-0.209
1327,1327,0.559,0.073,-0.171
1328,1328,0.694,0.108,0.471
1329,1329,0.547,0.102,0.287
1330,1330,0.65,0.145,0.487
1331,1331,0.732,0.048,0.196
1332,1332,0.71,0.086,0.337
1333,1333,-0.216,-0.285,-1.0
1334,1334,0.624,0.24,0.979
1335,1335,0.174,0.048,-0.507
1336,1336,0.34,0.139,0.038
1337,1337,-0.415,-0.001,0.996
1338,1338,0.812,0.148,0.74
1339,1339,0.434,0.051,-0.106
1340,1340,0.448,0.078,-0.189
1341,1341,0.534,0.151,0.129
1342,1342,0.452,0.068,-0.294
1343,1343,0.461,0.002,-0.036
1344,1344,0.625,0.049,-0.253
1345,1345,0.492,0.031,-0.289
1346,1346,0.65,0.066,-0.3
1347,1347,0.649,0.043,-0.366
1348,1348,0.598,-0.012,-0.4
1349,1349,0.345,-0.013,-0.462
1350,1350,0.824,0.016,0.991
1351,1351,0.857,0.241,0.551
1352,1352,0.795,0.197,0.271
1353,1353,0.63,0.142,0.162
1354,1354,0.645,0.058,0.992
1355,1355,0.497,0.067,0.276
1356,1356,0.453,0.093,0.135
1357,1357,0.696,0.176,0.412
1358,1358,0.02,-0.228,-0.0
1359,1359,0.871,0.025,-0.019
1360,1360,0.485,0.009,0.144
1361,1361,0.466,-0.026,-0.295
1362,1362,0.98,0.201,0.997
1363,1363,0.0,0.133,-1.0
1364,1364,-0.387,-0.062,-0.989
1365,1365,0.58,0.021,-0.052
1366,1366,0.574,0.04,0.139
1367,1367,0.943,0.015,-0.42
1368,1368,0.632,-0.009,-0.045
1369,1369,0.428,-0.049,-0.678
1370,1370,0.76,0.035,0.455
1371,1371,0.852,0.035,-0.024
1372,1372,0.981,0.234,0.999
1373,1373,0.942,0.136,0.437
1374,1374,0.041,-0.015,0.11
1375,1375,0.173,-0.001,0.142
1376,1376,0.464,0.009,-0.867
1377,1377,0.845,0.116,0.999
1378,1378,0.694,0.257,0.582
1379,1379,0.536,0.054,0.261
1380,1380,0.473,0.049,0.012
1381,1381,0.472,0.146,0.401
1382,1382,0.785,0.202,0.67
1383,1383,0.686,0.103,0.291
1384,1384,0.569,-0.016,0.103
1385,1385,0.591,0.025,0.135
1386,1386,0.614,0.098,-0.071
1387,1387,0.606,0.149,0.201
1388,1388,0.75,0.165,0.338
1389,1389,0.896,0.153,0.411
1390,1390,0.585,0.164,0.064
1391,1391,0.584,0.141,0.337
1392,1392,0.791,0.174,0.438
1393,1393,0.68,0.155,0.542
1394,1394,0.681,0.159,0.502
1395,1395,0.478,0.078,0.004
1396,1396,0.495,0.021,-0.256
1397,1397,0.86,0.086,0.209
1398,1398,0.83,0.137,0.26
1399,1399,0.776,0.132,0.324
1400,1400,0.804,0.151,0.506
1401,1401,0.682,0.073,0.079
1402,1402,0.722,0.098,0.133
1403,1403,0.373,-0.1,-0.342
1404,1404,0.795,0.144,0.32
1405,1405,0.59,0.019,-0.328
1406,1406,0.294,-0.151,-0.403
1407,1407,0.661,0.089,0.45
1408,1408,0.726,0.114,0.776
1409,1409,0.518,0.067,0.347
1410,1410,0.796,0.101,0.562
1411,1411,0.742,0.12,0.628
1412,1412,0.688,0.046,-0.05
1413,1413,0.884,0.142,0.291
1414,1414,0.847,0.128,0.57
1415,1415,0.798,0.136,0.208
1416,1416,0.292,-0.054,-0.396
1417,1417,0.383,0.088,-0.112
1418,1418,0.7,-0.046,-0.397
1419,1419,0.218,0.048,-0.17
1420,1420,0.623,0.039,-0.072
1421,1421,0.883,0.17,0.67
1422,1422,0.736,0.097,0.183
1423,1423,0.608,0.066,0.008
1424,1424,0.644,0.186,0.43
1425,1425,0.716,0.202,0.552
1426,1426,0.545,0.113,0.086
1427,1427,0.261,-0.056,0.908
1428,1428,0.973,0.002,-0.997
1429,1429,0.617,0.133,0.507
1430,1430,0.547,0.148,0.42
1431,1431,0.501,0.115,0.375
1432,1432,0.866,0.152,0.342
1433,1433,0.481,0.183,0.272
1434,1434,0.899,-0.001,-0.002
1435,1435,0.971,0.086,1.0
1436,1436,0.45,0.104,0.138
1437,1437,0.374,0.132,0.953
1438,1438,0.458,0.041,-0.128
1439,1439,0.76,0.167,0.172
1440,1440,0.518,0.077,-0.0
1441,1441,0.506,0.108,0.114
1442,1442,0.703,0.191,0.284
1443,1443,0.638,0.197,0.515
1444,1444,0.873,-0.01,0.999
1445,1445,0.328,-0.041,-0.448
1446,1446,0.54,0.08,-0.299
1447,1447,0.411,0.022,-0.356
1448,1448,0.383,0.121,0.395
1449,1449,0.603,0.102,0.282
1450,1450,0.551,0.031,-0.293
1451,1451,0.846,0.117,0.676
1452,1452,0.718,0.087,0.216
1453,1453,0.343,0.057,0.392
1454,1454,0.602,0.081,0.034
1455,1455,0.675,0.193,0.441
1456,1456,0.344,-0.014,0.208
1457,1457,0.61,0.045,0.412
1458,1458,0.891,0.22,0.908
1459,1459,0.181,0.007,-0.401
1460,1460,0.118,-0.01,-0.48
1461,1461,0.573,0.061,0.009
1462,1462,0.658,-0.032,0.131
1463,1463,0.649,0.116,0.403
1464,1464,0.456,-0.028,0.142
1465,1465,0.526,0.078,0.287
1466,1466,0.14,0.018,0.006
1467,1467,0.504,0.308,0.437
1468,1468,0.855,0.147,0.324
1469,1469,0.862,0.218,0.993
1470,1470,0.541,-0.011,-0.516
1471,1471,0.045,-0.023,-0.42
1472,1472,0.287,0.038,0.121
1473,1473,0.196,0.124,0.07
1474,1474,0.183,-0.001,-0.306
1475,1475,0.62,0.14,0.241
1476,1476,0.707,0.001,-0.253
1477,1477,0.373,0.152,0.628
1478,1478,0.481,0.125,0.395
1479,1479,0.694,0.111,0.598
1480,1480,0.535,0.004,0.019
1481,1481,0.675,0.111,0.346
1482,1482,0.629,0.171,0.455
1483,1483,0.578,0.167,0.493
1484,1484,0.796,0.18,0.332
1485,1485,0.535,0.068,-0.153
1486,1486,0.366,0.018,0.128
1487,1487,0.74,0.139,0.593
1488,1488,0.618,0.056,0.044
1489,1489,0.383,0.064,0.332
1490,1490,0.815,0.202,0.516
1491,1491,0.461,0.126,0.31
1492,1492,0.716,0.157,0.277
1493,1493,0.913,0.169,0.988
1494,1494,0.785,0.364,0.114
1495,1495,0.493,0.122,0.349
1496,1496,0.826,0.288,0.788
1497,1497,0.715,0.099,0.634
1498,1498,0.402,0.077,0.276
1499,1499,0.51,0.092,0.258
1500,1500,0.429,0.121,0.355
1501,1501,0.573,0.149,0.539
1502,1502,0.407,0.117,0.266
1503,1503,0.645,0.148,0.482
1504,1504,0.827,0.038,0.441
1505,1505,0.366,0.001,-0.203
1506,1506,0.732,0.224,0.456
1507,1507,0.988,0.067,-0.778
1508,1508,0.935,-0.014,0.999
1509,1509,0.621,0.147,-0.063
1510,1510,0.446,0.087,0.323
1511,1511,0.552,0.112,0.497
1512,1512,0.685,0.161,0.418
1513,1513,0.624,0.045,0.632
1514,1514,0.567,0.123,0.142
1515,1515,0.559,0.065,0.111
1516,1516,0.895,0.075,0.14
1517,1517,0.533,0.149,0.155
1518,1518,0.679,0.175,0.335
1519,1519,0.791,-0.05,0.999
1520,1520,0.616,0.182,1.0
1521,1521,0.471,0.014,-0.312
1522,1522,0.652,0.057,0.153
1523,1523,0.205,-0.065,-0.64
1524,1524,0.786,0.029,-0.694
1525,1525,-0.233,-0.208,-0.935
1526,1526,0.559,0.091,0.089
1527,1527,0.841,0.158,0.861
1528,1528,-0.244,-0.048,-0.676
1529,1529,0.508,0.058,0.192
1530,1530,0.417,0.04,-0.039
1531,1531,0.299,0.016,-0.375
1532,1532,0.894,-0.058,0.971
1533,1533,0.86,0.133,0.998
1534,1534,-0.342,-0.138,-0.984
1535,1535,0.403,0.004,0.362
1536,1536,0.705,0.087,0.213
1537,1537,0.767,0.105,0.167
1538,1538,0.799,0.157,0.211
1539,1539,0.746,0.068,0.084
1540,1540,0.692,0.029,-0.016
1541,1541,0.979,-0.044,-0.945
1542,1542,0.884,0.178,0.408
1543,1543,0.49,0.04,-0.343
1544,1544,-0.015,0.12,-0.987
1545,1545,0.609,0.115,0.105
1546,1546,0.585,0.118,-0.022
1547,1547,0.628,0.098,0.018
1548,1548,0.562,0.003,-0.288
1549,1549,0.052,-0.063,-0.2
1550,1550,-0.046,-0.082,0.006
1551,1551,0.549,0.054,0.12
1552,1552,0.708,0.127,0.285
1553,1553,0.47,0.116,0.188
1554,1554,0.426,-0.046,-0.42
1555,1555,0.543,0.074,0.374
1556,1556,0.533,0.076,0.004
1557,1557,-0.239,-0.166,-0.196
1558,1558,-0.469,-0.412,-0.999
1559,1559,0.807,0.054,-0.16
1560,1560,0.974,0.338,0.999
1561,1561,0.121,-0.009,-0.166
1562,1562,0.4,0.087,0.228
1563,1563,0.34,0.072,0.382
1564,1564,0.286,0.045,0.179
1565,1565,0.505,0.155,0.232
1566,1566,0.684,0.194,0.61
1567,1567,0.962,0.092,-0.967
1568,1568,0.849,0.078,-0.247
1569,1569,0.298,-0.042,-0.196
1570,1570,0.893,0.109,0.976
1571,1571,0.665,0.051,0.066
1572,1572,0.542,0.072,0.191
1573,1573,0.385,0.117,0.229
1574,1574,0.603,0.161,0.238
1575,1575,0.453,0.05,0.261
1576,1576,0.546,0.061,0.282
1577,1577,0.803,0.055,0.002
1578,1578,0.52,0.06,0.485
1579,1579,0.725,0.009,0.167
1580,1580,0.269,-0.212,-0.009
1581,1581,0.725,0.142,0.528
1582,1582,0.374,0.051,0.1
1583,1583,0.876,0.293,1.0
1584,1584,0.568,0.019,0.195
1585,1585,-0.038,-0.078,-0.991
1586,1586,0.889,0.195,0.403
1587,1587,0.722,0.153,0.653
1588,1588,0.78,0.165,0.334
1589,1589,0.568,0.147,-0.378
1590,1590,0.102,-0.039,-0.301
1591,1591,0.64,0.043,-0.236
1592,1592,0.742,-0.063,-0.327
1593,1593,0.849,0.089,-0.329
1594,1594,0.308,-0.196,-0.997
1595,1595,0.741,0.249,0.558
1596,1596,0.983,0.137,0.997
1597,1597,0.826,0.197,0.997
1598,1598,0.844,0.084,0.504
1599,1599,0.84,0.067,0.999
1600,1600,0.494,0.017,-0.324
1601,1601,0.737,0.112,0.767
1602,1602,0.419,0.05,-0.987
1603,1603,0.083,-0.245,-0.996
1604,1604,0.521,0.047,0.833
1605,1605,0.486,-0.094,0.007
1606,1606,0.8,0.271,0.521
1607,1607,0.565,0.111,0.425
1608,1608,0.345,0.089,0.088
1609,1609,0.313,-0.208,-0.998
1610,1610,-0.858,0.009,-1.0
1611,1611,-0.26,-0.148,-0.992
1612,1612,0.651,0.06,-0.995
1613,1613,0.727,0.525,0.928
1614,1614,0.66,0.041,-0.464
1615,1615,0.363,-0.0,-0.92
1616,1616,0.346,-0.03,0.43
1617,1617,0.727,0.108,0.633
1618,1618,0.639,0.139,0.475
1619,1619,0.512,0.083,0.144
1620,1620,0.508,0.089,0.34
1621,1621,0.552,0.107,0.31
1622,1622,0.453,0.049,-0.145
1623,1623,0.909,0.033,0.007
1624,1624,0.8,0.111,0.332
1625,1625,0.519,0.041,0.604
1626,1626,0.672,0.201,-0.137
1627,1627,0.984,0.156,0.878
1628,1628,0.184,0.068,-0.427
1629,1629,0.096,-0.225,-0.36
1630,1630,0.309,0.132,-0.34
1631,1631,0.369,0.214,0.338
1632,1632,0.337,0.016,0.309
1633,1633,0.821,0.064,0.711
1634,1634,0.533,0.098,0.253
1635,1635,0.72,0.228,0.729
1636,1636,0.595,0.146,0.496
1637,1637,0.417,0.094,-0.528
1638,1638,0.552,0.046,-0.125
1639,1639,0.889,-0.015,-0.422
1640,1640,-0.163,-0.225,-0.504
1641,1641,0.086,-0.172,-0.368
1642,1642,-0.38,-0.113,-0.636
1643,1643,-0.625,0.125,-0.998
1644,1644,0.832,0.1,0.994
1645,1645,0.432,-0.069,-0.526
1646,1646,0.915,0.182,0.016
1647,1647,0.786,0.128,0.543
1648,1648,0.702,0.255,0.999
1649,1649,0.079,-0.061,-0.432
1650,1650,0.051,-0.061,-0.447
1651,1651,0.433,0.094,0.24
1652,1652,0.675,0.088,0.21
1653,1653,0.563,0.051,-0.056
1654,1654,0.545,0.016,-0.184
1655,1655,0.336,-0.043,-0.556
1656,1656,0.545,0.026,-0.274
1657,1657,0.493,0.012,-0.367
1658,1658,0.561,0.032,-0.22
1659,1659,0.401,-0.014,0.494
1660,1660,0.513,0.15,0.594
1661,1661,0.215,-0.159,0.329
1662,1662,0.555,0.116,-0.084
1663,1663,0.975,0.217,0.999
1664,1664,0.931,0.209,0.965
1665,1665,0.671,-0.002,0.174
1666,1666,0.852,0.196,0.824
1667,1667,0.227,-0.007,-0.463
1668,1668,0.831,0.121,-0.321
1669,1669,0.855,0.061,0.999
1670,1670,0.329,-0.109,-0.598
1671,1671,0.855,0.106,0.135
1672,1672,0.737,0.202,0.689
1673,1673,0.79,0.017,-0.992
1674,1674,0.053,0.016,-0.053
1675,1675,0.727,0.127,1.0
1676,1676,0.897,0.152,0.197
1677,1677,0.502,-0.02,-0.097
1678,1678,0.764,0.118,0.429
1679,1679,0.976,0.005,-0.988
1680,1680,0.889,0.222,0.997
1681,1681,0.878,0.092,0.229
1682,1682,0.964,0.015,0.999
1683,1683,0.809,0.13,0.59
1684,1684,0.671,0.147,0.204
1685,1685,0.676,0.041,-0.279
1686,1686,0.725,0.024,-0.138
1687,1687,0.422,-0.013,-0.106
1688,1688,0.595,0.001,-0.04
1689,1689,0.743,0.054,0.592
1690,1690,0.945,0.178,0.983
1691,1691,0.709,0.011,0.218
1692,1692,0.614,0.15,0.713
1693,1693,0.541,0.092,0.029
1694,1694,0.601,0.174,0.188
1695,1695,0.508,0.032,-0.157
1696,1696,0.499,0.075,0.01
1697,1697,0.561,0.074,0.535
1698,1698,0.574,0.053,0.024
1699,1699,0.545,0.054,-0.141
1700,1700,0.231,-0.017,-0.435
1701,1701,0.33,-0.15,0.162
1702,1702,0.797,0.141,0.338
1703,1703,-0.25,-0.037,-0.999
1704,1704,0.87,0.065,-0.135
1705,1705,0.619,0.051,-0.095
1706,1706,-0.931,-0.7,-1.0
1707,1707,0.863,0.054,0.16
1708,1708,0.125,-0.012,-0.311
1709,1709,0.619,0.108,-0.027
1710,1710,0.349,0.033,-0.318
1711,1711,0.829,0.138,0.206
1712,1712,0.825,0.104,-0.017
1713,1713,0.661,0.087,0.661
1714,1714,0.506,0.033,-0.145
1715,1715,0.613,0.112,-0.034
1716,1716,0.613,0.096,0.277
1717,1717,0.959,0.072,0.999
1718,1718,0.674,0.107,0.227
1719,1719,0.837,0.062,0.999
1720,1720,0.399,0.091,-0.356
1721,1721,0.816,0.204,0.982
1722,1722,-0.003,0.063,0.001
1723,1723,0.53,-0.0,-0.193
1724,1724,0.768,0.116,0.699
1725,1725,0.69,0.077,-0.014
1726,1726,0.455,-0.005,-0.069
1727,1727,0.511,0.004,-0.149
1728,1728,0.441,0.003,-0.445
1729,1729,0.273,-0.079,-0.791
1730,1730,0.398,-0.033,-0.565
1731,1731,0.312,-0.037,-0.486
1732,1732,0.726,0.087,0.991
1733,1733,0.387,0.081,0.333
1734,1734,0.84,0.061,0.777
1735,1735,0.425,-0.003,-0.001
1736,1736,0.693,0.016,0.155
1737,1737,0.931,0.289,0.997
1738,1738,0.622,0.137,0.669
1739,1739,0.749,0.248,-0.283
1740,1740,0.522,0.103,0.185
1741,1741,0.738,0.131,0.386
1742,1742,0.624,0.09,0.197
1743,1743,0.899,0.378,1.0
1744,1744,0.722,0.059,-0.056
1745,1745,0.979,0.134,-0.932
1746,1746,0.401,-0.043,-0.227
1747,1747,-0.061,-0.043,-0.562
1748,1748,0.738,0.145,0.665
1749,1749,0.291,0.117,0.232
1750,1750,0.336,0.096,-0.061
1751,1751,0.415,0.098,0.088
1752,1752,0.618,0.268,0.949
1753,1753,-0.112,-0.214,-0.046
1754,1754,0.631,0.108,0.332
1755,1755,0.793,0.061,0.361
1756,1756,0.296,0.092,1.0
1757,1757,0.579,0.03,0.169
1758,1758,0.523,0.091,0.329
1759,1759,0.565,0.135,0.521
1760,1760,0.73,-0.093,1.0
1761,1761,0.704,0.009,-0.487
1762,1762,0.523,0.074,0.102
1763,1763,0.575,0.078,0.295
1764,1764,0.0,0.125,-0.998
1765,1765,0.338,0.011,0.144
1766,1766,0.862,0.085,0.547
1767,1767,0.659,0.142,0.317
1768,1768,0.778,0.134,0.335
1769,1769,0.738,0.119,0.475
1770,1770,0.813,0.175,0.416
1771,1771,0.238,-0.067,-0.507
1772,1772,0.606,0.058,-0.108
1773,1773,0.721,0.066,0.246
1774,1774,0.578,0.085,0.194
1775,1775,0.705,0.023,0.234
1776,1776,0.62,0.095,0.659
1777,1777,0.43,0.028,-0.094
1778,1778,0.203,-0.014,-0.775
1779,1779,0.777,-0.06,0.995
1780,1780,0.691,0.106,0.574
1781,1781,0.529,0.047,0.363
1782,1782,0.391,0.186,0.96
1783,1783,0.434,0.189,0.593
1784,1784,0.53,0.068,0.043
1785,1785,0.757,0.126,0.532
1786,1786,0.286,0.124,0.002
1787,1787,0.118,-0.016,-0.497
1788,1788,0.135,-0.032,-0.499
1789,1789,0.772,-0.019,-0.35
1790,1790,0.889,-0.018,-0.039
1791,1791,0.963,0.127,0.999
1792,1792,0.843,0.127,0.99
1793,1793,0.868,0.382,0.996
1794,1794,0.895,0.155,0.714
1795,1795,0.73,0.087,0.398
1796,1796,0.894,0.053,0.505
1797,1797,0.612,0.067,-0.986
1798,1798,0.627,0.05,0.245
1799,1799,0.616,0.08,0.035
1800,1800,0.949,0.081,-0.331
1801,1801,0.546,0.076,-0.318
1802,1802,0.406,0.014,-0.036
1803,1803,0.872,0.006,0.999
1804,1804,0.609,0.102,0.995
1805,1805,0.864,0.064,0.563
1806,1806,0.55,0.018,-0.193
1807,1807,0.407,-0.109,-0.278
1808,1808,0.782,-0.026,-0.479
1809,1809,0.396,-0.039,0.243
1810,1810,0.565,0.026,0.092
1811,1811,0.599,0.079,0.52
1812,1812,0.416,0.079,0.21
1813,1813,0.905,0.154,0.777
1814,1814,0.395,0.084,0.021
1815,1815,0.228,0.121,0.374
1816,1816,0.23,0.067,-0.107
1817,1817,0.686,0.055,0.591
1818,1818,0.573,0.167,0.47
1819,1819,0.234,0.011,-0.478
1820,1820,0.729,0.2,0.571
1821,1821,0.728,0.08,0.35
1822,1822,0.895,0.205,0.205
1823,1823,0.197,-0.093,-0.992
1824,1824,0.453,0.102,-0.165
1825,1825,0.744,0.167,0.796
1826,1826,0.45,0.047,-0.12
1827,1827,0.362,0.005,-0.256
1828,1828,0.84,0.232,0.993
1829,1829,0.401,0.075,-0.141
1830,1830,0.731,0.085,0.476
1831,1831,0.553,0.13,0.128
1832,1832,0.699,0.042,0.004
1833,1833,0.837,0.204,-0.306
1834,1834,0.589,0.094,0.295
1835,1835,0.248,0.067,-0.984
1836,1836,0.683,0.049,0.23
1837,1837,0.872,0.197,0.999
1838,1838,0.742,0.282,0.995
1839,1839,0.93,0.02,0.978
1840,1840,0.645,0.161,0.295
1841,1841,0.659,0.143,0.476
1842,1842,0.707,-0.02,0.19
1843,1843,0.692,0.058,0.713
1844,1844,0.767,0.121,0.695
1845,1845,0.699,0.104,0.123
1846,1846,0.41,0.061,0.206
1847,1847,0.763,0.198,0.629
1848,1848,0.668,0.125,0.218
1849,1849,0.896,0.046,0.373
1850,1850,0.447,0.006,-0.012
1851,1851,0.644,0.134,0.466
1852,1852,0.561,0.102,0.385
1853,1853,0.698,0.133,0.563
1854,1854,0.552,0.05,-0.069
1855,1855,0.865,0.139,0.192
1856,1856,0.033,-0.311,-0.498
1857,1857,0.95,-0.021,-0.931
1858,1858,0.907,0.123,0.168
1859,1859,0.28,-0.09,-0.058
1860,1860,0.169,-0.046,0.187
1861,1861,0.238,0.179,0.099
1862,1862,0.948,0.508,1.0
1863,1863,0.805,0.015,0.511
1864,1864,0.653,0.183,0.714
1865,1865,0.771,0.116,0.009
1866,1866,0.038,0.02,-0.163
1867,1867,0.08,-0.039,-0.986
1868,1868,0.705,0.106,0.434
1869,1869,0.381,0.071,-0.13
1870,1870,0.661,0.102,0.025
1871,1871,0.82,0.103,-0.18
1872,1872,0.597,-0.082,-0.147
1873,1873,0.58,0.021,-0.13
1874,1874,0.824,0.012,-0.009
1875,1875,0.728,0.086,0.354
1876,1876,0.353,-0.101,-0.333
1877,1877,0.737,0.142,0.407
1878,1878,0.533,0.008,-0.359
1879,1879,0.66,0.031,0.629
1880,1880,0.523,0.055,0.524
1881,1881,0.684,0.073,0.18
1882,1882,0.589,0.039,0.118
1883,1883,0.678,0.033,-0.015
1884,1884,0.557,-0.004,-0.412
1885,1885,0.587,0.063,0.214
1886,1886,0.542,0.065,0.382
1887,1887,0.692,0.122,0.209
1888,1888,0.756,0.111,0.322
1889,1889,0.656,0.077,0.39
1890,1890,0.377,0.115,0.044
1891,1891,0.669,0.141,0.521
1892,1892,0.899,-0.023,-0.236
1893,1893,0.368,0.065,0.272
1894,1894,0.609,0.057,0.732
1895,1895,0.51,0.09,0.19
1896,1896,0.443,0.149,0.492
1897,1897,0.483,0.057,-0.096
1898,1898,0.449,0.05,0.21
1899,1899,0.512,0.149,0.407
1900,1900,0.414,0.133,0.231
1901,1901,0.445,0.118,0.353
1902,1902,0.597,0.116,0.99
1903,1903,0.3,0.076,0.074
1904,1904,0.479,0.092,0.024
1905,1905,0.434,0.005,0.076
1906,1906,0.743,0.131,0.216
1907,1907,0.527,0.078,0.02
1908,1908,0.639,0.09,-0.179
1909,1909,0.568,0.085,0.009
1910,1910,0.168,-0.047,-0.694
1911,1911,0.318,0.018,-0.378
1912,1912,0.462,0.02,-0.272
1913,1913,0.527,0.068,-0.199
1914,1914,0.946,0.166,0.003
1915,1915,0.734,0.192,0.152
1916,1916,0.77,0.123,0.5
1917,1917,0.811,0.174,0.082
1918,1918,0.657,0.124,0.49
1919,1919,0.832,0.164,0.628
1920,1920,0.374,0.026,-0.336
1921,1921,0.886,-0.023,-0.31
1922,1922,0.611,0.077,0.201
1923,1923,0.668,0.011,-0.271
1924,1924,0.633,0.138,0.127
1925,1925,0.376,0.053,0.143
1926,1926,0.53,0.072,-0.417
1927,1927,0.391,0.096,0.242
1928,1928,0.726,0.102,0.241
1929,1929,0.914,0.328,0.002
1930,1930,0.754,0.148,0.531
1931,1931,0.701,0.123,0.089
1932,1932,-0.018,-0.06,-0.003
1933,1933,-0.052,0.068,-0.009
1934,1934,0.771,0.086,0.38
1935,1935,0.373,0.015,-0.353
1936,1936,0.668,0.06,-0.001
1937,1937,0.592,-0.11,-0.587
1938,1938,0.273,0.075,-0.121
1939,1939,0.458,0.075,0.171
1940,1940,0.924,0.189,0.499
1941,1941,-0.179,-0.136,-0.795
1942,1942,0.862,0.088,-0.411
1943,1943,0.522,0.059,-0.004
1944,1944,0.611,0.044,0.028
1945,1945,0.731,0.147,0.193
1946,1946,0.877,0.217,0.681
1947,1947,0.598,0.083,-0.007
1948,1948,0.242,0.033,-0.199
1949,1949,0.801,-0.046,-0.491
1950,1950,0.431,0.05,0.026
1951,1951,0.339,-0.096,-0.265
1952,1952,0.719,0.135,0.184
1953,1953,0.904,0.161,0.24
1954,1954,0.849,0.26,0.999
1955,1955,0.284,-0.088,-0.176
1956,1956,0.645,0.056,-0.818
1957,1957,0.615,0.062,0.233
1958,1958,0.633,0.043,0.955
1959,1959,0.593,0.129,0.399
1960,1960,0.704,0.149,0.275
1961,1961,0.698,0.183,0.476
1962,1962,0.361,0.007,-0.45
1963,1963,0.629,0.15,0.451
1964,1964,0.473,-0.033,-0.243
1965,1965,0.421,-0.017,-0.042
1966,1966,0.656,0.143,0.52
1967,1967,0.586,0.1,0.343
1968,1968,0.254,0.075,-0.079
1969,1969,0.565,0.144,0.508
1970,1970,0.561,0.109,0.386
1971,1971,0.298,-0.047,-0.525
1972,1972,0.633,0.161,0.483
1973,1973,0.857,0.097,0.686
1974,1974,0.765,0.173,0.593
1975,1975,0.75,0.145,0.561
1976,1976,0.54,0.015,-0.245
1977,1977,0.627,0.03,-0.183
1978,1978,0.345,-0.048,-0.377
1979,1979,0.922,-0.004,0.994
1980,1980,0.462,-0.065,-0.982
1981,1981,0.417,-0.011,-0.228
1982,1982,0.338,0.065,-0.443
1983,1983,0.476,0.016,-0.017
1984,1984,0.571,0.141,0.512
1985,1985,0.241,0.089,0.308
1986,1986,0.204,0.008,-0.359
1987,1987,0.314,0.027,-0.073
1988,1988,0.297,0.082,-0.1
1989,1989,0.369,0.056,-0.221
1990,1990,0.087,-0.028,-0.399
1991,1991,0.764,0.117,0.065
1992,1992,0.316,0.036,-0.943
1993,1993,0.542,0.064,0.115
1994,1994,0.612,0.009,-0.987
1995,1995,0.418,0.152,0.517
1996,1996,0.564,0.145,0.508
1997,1997,0.284,0.073,0.315
1998,1998,0.201,0.007,0.062
1999,1999,0.014,-0.08,-0.27
2000,2000,0.038,-0.02,-0.078
2001,2001,0.165,-0.024,-0.632
2002,2002,-0.185,-0.145,-0.58
2003,2003,0.15,0.003,0.087
2004,2004,0.262,0.014,0.01
2005,2005,0.292,0.01,0.403
2006,2006,0.486,-0.011,-0.014
2007,2007,0.043,-0.036,-0.012
2008,2008,0.457,0.127,0.138
2009,2009,0.385,0.138,0.033
2010,2010,0.599,0.062,-0.219
2011,2011,0.292,0.052,0.072
2012,2012,0.721,0.194,0.659
2013,2013,0.56,0.101,0.295
2014,2014,0.913,-0.028,0.339
2015,2015,0.815,0.123,0.993
2016,2016,0.5,0.039,0.015
2017,2017,0.882,0.061,-0.188
2018,2018,0.657,0.039,0.433
2019,2019,0.944,0.146,0.463
2020,2020,0.763,0.058,-0.28
2021,2021,0.753,0.077,-0.035
2022,2022,0.706,0.051,0.611
2023,2023,0.813,0.127,0.273
2024,2024,0.603,0.106,-0.304
2025,2025,0.493,0.015,0.09
2026,2026,-0.217,-0.046,-0.007
2027,2027,0.464,0.039,-0.127
2028,2028,0.696,0.173,0.753
2029,2029,0.388,0.156,-0.023
2030,2030,0.585,-0.016,-0.084
2031,2031,0.899,0.302,0.006
2032,2032,0.646,0.168,0.546
2033,2033,0.469,0.048,-0.047
2034,2034,0.41,-0.037,-0.174
2035,2035,0.196,-0.029,-0.32
2036,2036,0.258,0.061,0.173
2037,2037,0.28,-0.009,0.501
2038,2038,0.407,0.025,0.025
2039,2039,0.901,0.037,-0.007
2040,2040,0.79,0.134,0.167
2041,2041,0.648,0.153,0.266
2042,2042,0.829,0.119,0.399
2043,2043,0.6,0.046,-0.314
2044,2044,0.416,0.151,0.034
2045,2045,0.415,-0.008,-0.02
2046,2046,0.832,0.109,-0.031
2047,2047,0.698,0.041,0.305
2048,2048,0.568,0.033,0.126
2049,2049,0.612,0.133,0.249
2050,2050,0.595,0.103,0.099
2051,2051,-0.059,-0.092,-0.418
2052,2052,0.545,0.047,0.185
2053,2053,0.525,0.047,-0.065
2054,2054,0.748,0.029,0.998
2055,2055,0.799,0.017,0.428
2056,2056,0.604,0.198,0.428
2057,2057,0.386,-0.064,-0.73
2058,2058,-0.189,0.042,0.992
2059,2059,0.828,0.149,0.425
2060,2060,0.419,0.04,-0.342
2061,2061,0.789,0.134,0.234
2062,2062,0.884,0.027,0.181
2063,2063,0.862,0.134,0.528
2064,2064,0.835,0.109,0.46
2065,2065,0.895,0.014,-0.914
2066,2066,0.716,0.036,-0.123
2067,2067,0.28,0.15,-0.141
2068,2068,0.435,0.072,0.309
2069,2069,0.29,0.018,0.118
2070,2070,0.274,0.005,-0.066
2071,2071,0.35,0.067,0.455
2072,2072,0.42,0.007,-0.161
2073,2073,0.178,-0.036,-0.515
2074,2074,0.556,0.102,0.365
2075,2075,0.61,0.105,0.252
2076,2076,0.053,-0.105,-0.585
2077,2077,0.556,0.079,0.135
2078,2078,0.493,0.054,0.053
2079,2079,0.526,0.051,0.179
2080,2080,0.719,0.233,0.41
2081,2081,0.914,0.004,-0.981
2082,2082,0.535,-0.057,-0.993
2083,2083,0.844,0.333,1.0
2084,2084,0.722,0.103,0.434
2085,2085,0.856,0.037,0.991
2086,2086,0.463,0.057,-0.316
2087,2087,0.892,0.094,0.299
2088,2088,0.566,0.103,0.369
2089,2089,0.657,0.031,-0.151
2090,2090,0.919,0.067,0.138
2091,2091,-0.202,-0.092,-1.0
2092,2092,-0.21,-0.404,-0.998
2093,2093,0.174,0.056,0.309
2094,2094,0.835,0.071,-0.005
2095,2095,-0.156,-0.072,-0.361
2096,2096,-0.036,-0.099,-0.398
2097,2097,0.722,0.128,0.365
2098,2098,0.784,0.14,-0.576
2099,2099,0.794,0.035,0.555
2100,2100,0.685,0.046,0.119
2101,2101,0.673,0.186,0.672
2102,2102,0.891,0.161,0.602
2103,2103,0.664,0.119,-0.044
2104,2104,0.884,0.089,0.041
2105,2105,0.642,0.087,0.468
2106,2106,0.153,-0.067,-0.217
2107,2107,0.528,0.037,-0.469
2108,2108,0.326,0.06,-0.308
2109,2109,0.753,0.049,0.334
2110,2110,0.297,0.023,-0.462
2111,2111,0.294,-0.009,-0.12
2112,2112,-0.031,-0.101,-0.995
2113,2113,0.681,0.173,0.061
2114,2114,0.905,0.109,0.958
2115,2115,0.69,0.113,0.322
2116,2116,0.874,0.096,0.363
2117,2117,0.732,0.092,0.336
2118,2118,0.413,0.036,-0.007
2119,2119,0.577,0.12,0.573
2120,2120,0.458,0.087,0.085
2121,2121,0.756,0.101,0.245
2122,2122,0.079,-0.043,0.049
2123,2123,0.323,-0.034,-0.044
2124,2124,0.515,-0.033,-0.31
2125,2125,0.861,0.124,0.99
2126,2126,0.739,0.214,0.796
2127,2127,0.81,0.264,0.825
2128,2128,0.778,0.217,0.64
2129,2129,0.445,0.16,0.045
2130,2130,0.487,0.03,0.028
2131,2131,0.322,0.034,0.309
2132,2132,0.48,0.065,0.389
2133,2133,0.346,-0.018,0.018
2134,2134,0.321,0.036,0.138
2135,2135,0.198,0.111,0.001
2136,2136,0.687,0.107,0.478
2137,2137,0.934,-0.075,0.957
2138,2138,-0.255,-0.202,-0.997
2139,2139,0.093,-0.124,-0.666
2140,2140,0.612,0.08,0.637
2141,2141,0.539,0.056,0.037
2142,2142,0.526,-0.015,0.001
2143,2143,0.766,0.184,0.548
2144,2144,0.644,0.136,0.357
2145,2145,0.53,0.184,0.794
2146,2146,0.497,0.049,-0.106
2147,2147,0.688,0.086,0.346
2148,2148,0.595,0.173,0.334
2149,2149,0.723,0.206,0.766
2150,2150,0.564,0.205,0.525
2151,2151,0.409,0.002,0.018
2152,2152,0.464,0.064,0.106
2153,2153,0.538,0.1,0.266
2154,2154,0.486,0.079,-0.117
2155,2155,0.595,0.156,0.299
2156,2156,0.603,0.131,0.732
2157,2157,0.239,0.14,0.333
2158,2158,0.82,0.211,0.998
2159,2159,-0.765,-0.18,-0.999
2160,2160,0.689,0.056,0.166
2161,2161,0.06,0.018,-0.137
2162,2162,0.775,0.121,0.478
2163,2163,0.946,0.343,0.993
2164,2164,0.65,-0.1,-0.583
2165,2165,0.58,0.082,0.39
2166,2166,0.211,0.15,0.006
2167,2167,0.525,0.149,0.328
2168,2168,0.766,0.048,-0.039
2169,2169,0.75,0.113,0.494
2170,2170,0.451,-0.008,-0.596
2171,2171,0.705,0.064,-0.006
2172,2172,0.518,0.014,0.092
2173,2173,0.499,0.166,0.345
2174,2174,0.689,0.157,0.735
2175,2175,0.427,0.108,0.189
2176,2176,0.1,-0.029,-0.194
2177,2177,0.236,-0.021,-0.7
2178,2178,0.445,0.009,-0.353
2179,2179,0.282,0.012,-0.096
2180,2180,0.002,-0.066,-0.489
2181,2181,0.342,0.118,-0.075
2182,2182,0.544,0.074,0.42
2183,2183,0.79,0.036,0.202
2184,2184,0.743,-0.181,-0.986
2185,2185,0.774,0.149,0.599
2186,2186,0.067,-0.077,0.314
2187,2187,-0.477,-0.134,-0.898
2188,2188,0.22,-0.048,-0.83
2189,2189,0.914,0.201,0.352
2190,2190,0.557,0.0,1.0
2191,2191,0.852,0.24,1.0
2192,2192,0.589,0.088,0.398
2193,2193,0.378,0.053,0.052
2194,2194,0.042,0.021,0.022
2195,2195,-0.032,-0.007,0.137
2196,2196,0.711,0.135,0.678
2197,2197,0.739,0.132,0.214
2198,2198,0.721,0.098,0.463
2199,2199,0.448,0.088,0.137
2200,2200,0.613,0.063,0.206
2201,2201,0.738,0.055,0.456
2202,2202,0.626,0.053,0.005
2203,2203,0.647,0.157,0.487
2204,2204,0.713,0.152,0.552
2205,2205,0.677,0.184,0.482
2206,2206,0.662,0.129,0.455
2207,2207,0.692,0.073,0.179
2208,2208,0.938,0.254,0.008
2209,2209,0.923,-0.052,-0.64
2210,2210,0.259,0.054,0.029
2211,2211,0.518,0.065,0.126
2212,2212,-0.328,-0.164,-0.111
2213,2213,0.056,-0.026,-0.535
2214,2214,0.237,-0.007,-0.244
2215,2215,0.793,0.136,0.01
2216,2216,0.969,0.11,0.99
2217,2217,0.454,0.008,-0.022
2218,2218,0.245,-0.039,-0.474
2219,2219,0.453,0.099,0.406
2220,2220,0.515,0.061,-0.302
2221,2221,0.296,0.06,-0.688
2222,2222,0.936,0.258,0.499
2223,2223,0.928,0.039,0.011
2224,2224,0.354,0.124,-0.496
2225,2225,-0.763,-0.216,-0.999
2226,2226,0.871,0.131,0.738
2227,2227,0.205,-0.037,-0.204
2228,2228,0.422,0.6,1.0
2229,2229,0.143,-0.001,-0.393
2230,2230,0.604,0.058,0.377
2231,2231,0.76,0.125,0.442
2232,2232,0.826,0.12,0.425
2233,2233,0.623,0.109,0.332
2234,2234,0.54,0.08,-0.112
2235,2235,0.536,0.076,0.305
2236,2236,0.645,0.137,0.33
2237,2237,0.514,0.037,0.252
2238,2238,0.225,-0.066,-0.263
2239,2239,0.1,-0.089,-0.403
2240,2240,0.593,-0.012,-0.168
2241,2241,0.452,0.022,-0.12
2242,2242,0.727,0.053,-0.0
2243,2243,0.635,0.084,0.218
2244,2244,0.146,-0.104,-0.655
2245,2245,0.662,0.134,0.268
2246,2246,0.567,0.074,0.187
2247,2247,0.587,0.07,0.319
2248,2248,0.655,0.104,0.43
2249,2249,0.587,0.109,0.277
2250,2250,0.854,0.131,0.635
2251,2251,0.414,0.032,-0.271
2252,2252,0.562,0.149,0.488
2253,2253,0.595,0.079,0.176
2254,2254,0.547,0.1,0.212
2255,2255,0.673,0.062,0.243
2256,2256,0.652,0.082,0.192
2257,2257,0.44,0.098,0.216
2258,2258,0.618,0.121,0.373
2259,2259,0.589,0.079,0.344
2260,2260,0.724,0.116,0.717
2261,2261,0.706,0.215,0.54
2262,2262,0.691,0.149,0.338
2263,2263,0.477,0.089,-0.085
2264,2264,0.489,0.043,0.329
2265,2265,0.612,0.05,-0.178
2266,2266,0.596,0.063,0.283
2267,2267,0.752,0.153,0.554
2268,2268,0.593,0.002,-0.245
2269,2269,0.669,0.114,0.47
2270,2270,0.628,0.191,0.002
2271,2271,0.597,0.144,0.436
2272,2272,-0.043,-0.021,-0.984
2273,2273,0.435,0.078,0.326
2274,2274,0.026,-0.026,-0.967
2275,2275,0.451,-0.072,-0.992
2276,2276,-0.537,-0.222,-1.0
2277,2277,0.743,0.153,0.316
2278,2278,0.827,0.105,0.008
2279,2279,0.823,0.092,0.596
2280,2280,0.92,0.114,0.85
2281,2281,0.705,0.109,0.005
2282,2282,0.66,0.121,0.556
2283,2283,0.625,0.027,0.305
2284,2284,0.29,-0.016,-0.251
2285,2285,0.288,0.007,-0.0
2286,2286,0.425,0.046,0.277
2287,2287,0.283,-0.0,-0.152
2288,2288,0.766,0.087,0.577
2289,2289,0.652,0.071,0.222
2290,2290,0.44,0.075,0.066
2291,2291,0.431,0.072,0.203
2292,2292,0.378,0.02,-0.429
2293,2293,0.933,0.114,0.995
2294,2294,0.896,0.125,0.998
2295,2295,0.661,0.11,0.231
2296,2296,0.337,0.015,0.021
2297,2297,0.735,0.125,0.557
2298,2298,0.602,0.026,-0.144
2299,2299,0.425,0.102,0.399
2300,2300,0.781,0.091,-0.332
2301,2301,0.688,0.051,0.373
2302,2302,0.422,0.143,0.04
2303,2303,0.39,0.096,0.239
2304,2304,0.164,-0.161,-0.996
2305,2305,0.876,0.144,0.173
2306,2306,0.565,0.073,0.198
2307,2307,0.347,0.046,-0.178
2308,2308,0.214,0.143,-0.307
2309,2309,0.79,0.141,0.474
2310,2310,-0.253,-0.101,-0.996
2311,2311,0.233,-0.033,-0.474
2312,2312,0.41,0.077,-0.2
2313,2313,0.731,-0.03,0.489
2314,2314,0.832,0.162,0.887
2315,2315,0.098,-0.139,-0.619
2316,2316,0.657,0.125,0.089
2317,2317,0.781,0.146,0.527
2318,2318,0.73,0.154,0.388
2319,2319,0.587,0.059,-0.017
2320,2320,0.136,-0.025,-0.509
2321,2321,0.64,0.078,0.026
2322,2322,0.853,0.122,0.145
2323,2323,0.96,0.157,0.002
2324,2324,0.582,0.025,-0.211
2325,2325,0.428,0.09,0.077
2326,2326,0.452,0.001,-0.446
2327,2327,0.103,0.075,0.997
2328,2328,0.192,-0.239,-0.739
2329,2329,0.758,0.2,0.993
2330,2330,0.125,-0.103,0.326
2331,2331,0.704,0.258,0.492
2332,2332,0.292,0.122,0.201
2333,2333,-0.121,0.019,0.272
2334,2334,-0.215,-0.19,-0.325
2335,2335,0.362,0.084,0.207
2336,2336,0.368,0.046,0.237
2337,2337,0.508,0.103,0.347
2338,2338,0.583,0.203,0.991
2339,2339,0.285,0.049,0.613
2340,2340,0.492,0.025,-0.123
2341,2341,0.052,-0.047,-0.155
2342,2342,0.792,-0.009,-0.992
2343,2343,0.403,0.045,0.097
2344,2344,0.293,0.157,0.568
2345,2345,0.0,0.0,0.993
2346,2346,-0.721,-0.35,-0.999
2347,2347,0.003,-0.035,-0.5
2348,2348,0.64,0.176,0.573
2349,2349,0.737,0.145,0.998
2350,2350,0.044,-0.088,-0.002
2351,2351,0.339,0.082,0.194
2352,2352,0.706,0.04,0.34
2353,2353,0.7,-0.025,0.994
2354,2354,0.303,0.066,0.213
2355,2355,0.353,0.026,-0.274
2356,2356,0.362,0.088,0.037
2357,2357,0.515,0.153,0.2
2358,2358,0.632,0.148,0.073
2359,2359,0.578,0.144,0.564
2360,2360,0.851,0.113,0.365
2361,2361,0.221,-0.033,-0.91
2362,2362,0.355,-0.034,0.141
2363,2363,0.772,0.066,-0.416
2364,2364,0.346,0.013,0.009
2365,2365,0.451,0.025,-0.543
2366,2366,0.456,0.134,0.995
2367,2367,0.473,-0.003,-0.164
2368,2368,0.924,0.201,0.207
2369,2369,0.598,0.093,0.216
2370,2370,0.556,0.062,0.259
2371,2371,0.253,0.021,-0.98
2372,2372,0.295,-0.037,-0.554
2373,2373,0.649,0.058,0.344
2374,2374,0.67,0.127,1.0
2375,2375,0.302,0.03,-0.041
2376,2376,0.729,0.25,1.0
2377,2377,0.595,0.105,0.131
2378,2378,0.243,-0.03,-0.59
2379,2379,0.508,-0.006,-0.312
2380,2380,0.659,0.166,0.798
2381,2381,0.679,0.051,0.332
2382,2382,0.782,0.042,0.333
2383,2383,0.586,0.039,0.521
2384,2384,0.623,0.143,0.716
2385,2385,0.481,0.111,0.28
2386,2386,-0.267,-0.189,-0.378
2387,2387,0.646,0.083,0.412
2388,2388,0.118,0.038,-0.401
2389,2389,0.851,0.068,0.001
2390,2390,0.928,0.3,0.692
2391,2391,0.677,0.22,0.294
2392,2392,0.765,0.097,0.998
2393,2393,0.356,-0.07,-0.0
2394,2394,0.789,-0.076,0.001
2395,2395,0.572,0.444,1.0
2396,2396,0.965,0.068,0.757
2397,2397,0.661,0.097,0.398
2398,2398,0.718,-0.178,0.998
2399,2399,0.636,0.05,0.32
2400,2400,0.745,0.106,0.286
2401,2401,0.675,0.129,0.436
2402,2402,0.718,0.227,0.602
2403,2403,0.685,0.134,0.441
2404,2404,0.701,0.169,0.573
2405,2405,0.613,0.055,-0.018
2406,2406,0.747,0.134,0.335
2407,2407,0.562,0.091,0.504
2408,2408,0.694,0.082,0.324
2409,2409,0.822,0.073,0.205
2410,2410,0.37,-0.028,-0.328
2411,2411,0.223,-0.145,-0.332
2412,2412,0.851,0.133,0.999
2413,2413,0.696,0.021,0.005
2414,2414,0.109,-0.076,-0.478
2415,2415,0.786,0.037,0.146
2416,2416,0.463,0.137,0.004
2417,2417,0.727,0.14,0.369
2418,2418,0.756,0.093,0.567
2419,2419,0.464,0.151,0.612
2420,2420,0.899,0.099,0.66
2421,2421,0.679,0.133,0.402
2422,2422,0.701,0.157,0.508
2423,2423,0.969,0.458,1.0
2424,2424,0.883,0.209,0.702
2425,2425,-0.305,-0.216,-0.768
2426,2426,0.524,-0.153,0.296
2427,2427,-0.174,-0.184,-0.998
2428,2428,0.394,0.035,0.06
2429,2429,0.638,0.066,-0.19
2430,2430,0.692,0.106,0.442
2431,2431,0.293,-0.026,-0.598
2432,2432,0.348,0.092,0.183
2433,2433,0.473,0.053,-0.081
2434,2434,0.576,0.05,-0.17
2435,2435,0.532,-0.006,-0.22
2436,2436,0.526,0.063,0.003
2437,2437,0.719,0.099,0.327
2438,2438,0.545,0.092,0.138
2439,2439,0.507,0.107,0.036
2440,2440,0.326,0.112,0.168
2441,2441,0.85,0.168,0.797
2442,2442,0.137,-0.106,0.086
2443,2443,0.839,0.227,0.997
2444,2444,0.954,0.012,0.999
2445,2445,0.531,-0.032,-0.023
2446,2446,0.899,0.177,0.737
2447,2447,0.847,0.227,0.589
2448,2448,0.719,0.178,0.433
2449,2449,0.615,0.107,0.291
2450,2450,0.791,0.106,0.365
2451,2451,0.716,0.23,0.509
2452,2452,0.753,0.142,0.596
2453,2453,0.461,0.0,-0.147
2454,2454,0.756,0.164,0.3
2455,2455,0.69,0.052,-0.005
2456,2456,0.697,0.102,0.366
2457,2457,0.582,0.105,-0.039
2458,2458,0.762,0.058,0.223
2459,2459,0.374,0.065,-0.168
2460,2460,0.598,-0.067,-0.546
2461,2461,0.985,0.119,0.935
2462,2462,0.943,0.003,-0.332
2463,2463,0.601,0.002,-0.117
2464,2464,0.669,-0.036,0.033
2465,2465,0.732,0.21,0.473
2466,2466,0.863,0.111,0.391
2467,2467,0.819,0.165,0.657
2468,2468,0.777,0.079,0.344
2469,2469,0.948,0.104,0.56
2470,2470,0.482,0.051,0.163
2471,2471,0.527,-0.02,-0.231
2472,2472,0.313,-0.044,-0.093
2473,2473,0.398,-0.046,-0.334
2474,2474,0.435,-0.007,-0.171
2475,2475,0.62,0.035,0.004
2476,2476,0.613,0.148,0.249
2477,2477,0.554,0.188,0.494
2478,2478,0.47,0.108,0.024
2479,2479,0.644,0.17,0.109
2480,2480,0.729,0.115,0.242
2481,2481,0.303,0.045,0.11
2482,2482,0.233,0.206,-0.026
2483,2483,0.79,0.023,-0.332
2484,2484,-0.308,-0.061,-0.6
2485,2485,0.409,0.049,0.409
2486,2486,0.356,0.026,-0.297
2487,2487,-0.212,-0.161,-0.711
2488,2488,0.359,0.024,-0.163
2489,2489,0.667,0.106,0.327
2490,2490,0.525,0.065,-0.045
2491,2491,0.39,-0.079,-0.331
2492,2492,0.919,0.055,0.995
2493,2493,0.71,0.059,0.302
2494,2494,0.491,-0.002,-0.344
2495,2495,0.655,0.1,0.657
2496,2496,0.692,0.074,-0.189
2497,2497,0.759,0.236,0.714
2498,2498,0.494,-0.1,-0.94
2499,2499,0.526,0.164,0.423
2500,2500,0.321,0.051,0.063
2501,2501,0.354,0.051,-0.16
2502,2502,0.764,0.118,0.941
2503,2503,0.577,0.089,0.248
2504,2504,0.15,-0.175,-0.221
2505,2505,0.913,0.143,0.616
2506,2506,-0.836,-0.506,-0.999
2507,2507,0.651,-0.034,-0.216
2508,2508,0.522,0.028,-0.006
2509,2509,0.918,0.111,0.442
2510,2510,0.789,0.083,0.682
2511,2511,0.349,-0.005,-0.072
2512,2512,0.136,-0.103,-0.499
2513,2513,0.66,0.12,0.5
2514,2514,0.549,0.147,0.41
2515,2515,0.382,-0.078,-0.202
2516,2516,0.421,0.077,0.093
2517,2517,0.433,-0.016,-0.25
2518,2518,0.627,0.007,0.31
2519,2519,0.073,-0.014,-0.616
2520,2520,0.364,0.005,-0.196
2521,2521,0.644,0.104,0.376
2522,2522,0.483,0.15,0.332
2523,2523,0.51,0.096,0.223
2524,2524,0.523,0.12,0.099
2525,2525,0.311,0.021,-0.228
2526,2526,0.567,0.109,0.439
2527,2527,-0.021,0.001,0.017
2528,2528,0.419,0.026,0.126
2529,2529,0.453,0.085,0.293
2530,2530,0.327,0.024,-0.734
2531,2531,0.571,0.113,0.519
2532,2532,0.542,0.057,0.261
2533,2533,0.926,0.85,-0.93
2534,2534,0.269,-0.147,-0.238
2535,2535,0.659,0.013,-0.202
2536,2536,0.665,0.066,0.327
2537,2537,-0.371,-0.377,-0.995
2538,2538,-0.678,-0.65,-0.996
2539,2539,-0.042,-0.022,0.172
2540,2540,0.579,0.196,0.948
2541,2541,0.52,0.107,-0.037
2542,2542,0.326,0.063,0.33
2543,2543,0.568,0.1,0.234
2544,2544,0.677,0.068,-0.211
2545,2545,0.535,0.064,0.08
2546,2546,0.69,0.132,0.768
2547,2547,0.922,0.156,0.334
2548,2548,0.358,0.064,-0.436
2549,2549,0.73,0.092,0.266
2550,2550,0.913,0.296,0.961
2551,2551,0.444,0.136,0.988
2552,2552,0.937,0.205,0.996
2553,2553,0.872,0.141,0.414
2554,2554,0.598,0.119,0.409
2555,2555,0.565,0.144,0.503
2556,2556,0.218,0.054,-0.014
2557,2557,0.673,0.138,0.318
2558,2558,0.906,0.022,0.999
2559,2559,0.494,-0.067,-0.913
2560,2560,0.364,0.11,0.057
2561,2561,0.81,0.102,0.323
2562,2562,0.672,0.072,0.316
2563,2563,0.607,0.088,-0.025
2564,2564,0.737,0.149,0.635
2565,2565,0.119,-0.005,-0.313
2566,2566,0.718,0.177,0.659
2567,2567,0.816,0.154,0.291
2568,2568,0.691,0.148,0.324
2569,2569,0.366,0.027,0.021
2570,2570,0.615,0.178,0.317
2571,2571,0.595,0.072,0.156
2572,2572,0.774,0.172,0.665
2573,2573,0.739,0.164,0.537
2574,2574,0.606,-0.024,-0.168
2575,2575,0.681,0.181,0.513
2576,2576,0.551,0.084,0.023
2577,2577,0.934,0.193,0.864
2578,2578,0.574,0.073,-0.007
2579,2579,0.753,0.115,-0.21
2580,2580,0.382,-0.044,-0.009
2581,2581,0.301,0.017,-0.161
2582,2582,0.736,0.174,0.306
2583,2583,0.542,0.146,0.158
2584,2584,0.646,0.149,0.452
2585,2585,0.709,0.11,0.399
2586,2586,0.226,-0.04,0.205
2587,2587,0.611,0.044,0.134
2588,2588,0.338,-0.001,-0.26
2589,2589,0.529,0.087,0.567
2590,2590,0.796,0.131,0.651
2591,2591,-0.054,-0.019,-0.332
2592,2592,0.955,0.174,0.859
2593,2593,-0.402,-0.166,-0.499
2594,2594,0.508,0.151,0.71
2595,2595,0.533,0.069,0.201
2596,2596,0.684,0.127,0.199
2597,2597,0.682,0.076,0.453
2598,2598,0.688,0.176,0.397
2599,2599,0.392,0.052,-0.003
2600,2600,0.723,0.088,0.499
2601,2601,0.224,-0.111,0.11
2602,2602,0.198,0.02,0.247
2603,2603,0.596,0.067,0.237
2604,2604,0.689,-0.125,-0.997
2605,2605,0.857,0.113,0.312
2606,2606,0.555,-0.001,0.102
2607,2607,-0.332,-0.237,-0.989
2608,2608,0.709,0.089,0.419
2609,2609,0.751,0.07,0.387
2610,2610,0.604,0.086,0.396
2611,2611,0.551,0.069,0.195
2612,2612,-0.132,-0.157,-0.999
2613,2613,0.944,0.457,0.994
2614,2614,0.618,0.11,0.238
2615,2615,0.938,0.304,0.996
2616,2616,0.758,0.342,0.333
2617,2617,0.579,0.021,-0.081
2618,2618,0.404,0.035,-0.307
2619,2619,0.751,0.167,-0.073
2620,2620,0.6,0.096,0.196
2621,2621,0.734,0.212,-0.062
2622,2622,0.752,0.482,0.603
2623,2623,0.327,-0.027,-0.451
2624,2624,0.705,0.186,0.321
2625,2625,0.718,0.267,1.0
2626,2626,0.408,0.183,0.114
2627,2627,0.977,0.243,0.005
2628,2628,0.466,-0.001,0.536
2629,2629,0.71,0.113,0.232
2630,2630,0.086,0.008,0.528
2631,2631,0.174,0.069,0.008
2632,2632,0.607,0.048,0.229
2633,2633,0.437,0.027,-0.065
2634,2634,-0.335,-0.175,-0.996
2635,2635,0.589,0.01,-0.261
2636,2636,0.397,0.022,0.379
2637,2637,0.534,0.111,-0.22
2638,2638,0.779,0.03,-0.039
2639,2639,0.091,-0.09,-0.498
2640,2640,0.661,0.135,0.504
2641,2641,0.929,0.16,0.109
2642,2642,0.387,-0.032,-0.453
2643,2643,0.513,0.108,0.475
2644,2644,0.524,0.071,0.253
2645,2645,0.587,0.194,0.442
2646,2646,0.53,0.037,-0.038
2647,2647,0.915,0.1,0.996
2648,2648,0.605,0.133,0.496
2649,2649,0.594,0.075,0.288
2650,2650,0.712,0.185,0.462
2651,2651,0.835,0.076,0.32
2652,2652,0.394,0.092,0.343
2653,2653,0.135,0.01,0.32
2654,2654,0.438,0.067,0.059
2655,2655,0.912,0.106,0.419
2656,2656,0.731,0.002,0.32
2657,2657,0.682,-0.025,-0.323
2658,2658,0.991,0.228,0.585
2659,2659,0.509,-0.039,-0.368
2660,2660,-0.085,-0.438,-0.996
2661,2661,0.202,-0.215,-0.224
2662,2662,0.539,0.08,0.521
2663,2663,0.264,-0.009,-0.529
2664,2664,0.324,0.16,0.419
2665,2665,-0.22,-0.088,-0.336
2666,2666,0.094,0.088,0.016
2667,2667,0.401,0.028,-0.25
2668,2668,0.042,0.058,-0.37
2669,2669,0.747,0.154,0.63
2670,2670,0.757,0.207,0.532
2671,2671,0.348,0.072,0.094
2672,2672,0.557,0.091,-0.042
2673,2673,0.415,0.017,0.066
2674,2674,0.802,0.325,1.0
2675,2675,-0.002,-0.053,-0.336
2676,2676,0.742,0.019,0.996
2677,2677,0.622,0.062,0.289
2678,2678,0.514,-0.035,0.487
2679,2679,0.708,0.052,-0.109
2680,2680,0.689,0.213,0.57
2681,2681,0.878,0.182,-0.911
2682,2682,0.338,-0.019,-0.349
2683,2683,0.392,0.059,0.035
2684,2684,-0.525,-0.131,-0.987
2685,2685,0.204,0.045,-0.156
2686,2686,0.464,0.094,0.05
2687,2687,0.347,0.016,-0.23
2688,2688,-0.715,-0.267,-0.998
2689,2689,0.594,0.101,0.328
2690,2690,0.583,0.068,0.078
2691,2691,0.153,0.009,-0.436
2692,2692,0.133,0.076,0.313
2693,2693,0.066,-0.188,-0.536
2694,2694,0.355,0.045,0.053
2695,2695,0.415,0.091,0.037
2696,2696,0.558,0.054,0.236
2697,2697,0.472,0.097,0.191
2698,2698,0.575,0.124,0.57
2699,2699,0.385,0.07,0.145
2700,2700,0.192,-0.006,-0.369
2701,2701,0.612,0.103,0.326
2702,2702,0.285,0.008,-0.13
2703,2703,0.615,0.117,0.233
2704,2704,0.543,0.073,0.259
2705,2705,0.477,0.031,-0.11
2706,2706,0.734,0.034,0.706
2707,2707,0.405,-0.098,-0.943
2708,2708,0.741,0.055,0.248
2709,2709,0.684,0.064,0.55
2710,2710,0.92,0.193,0.333
2711,2711,0.622,0.114,0.231
2712,2712,0.672,0.123,0.204
2713,2713,0.139,-0.107,-0.735
2714,2714,0.355,-0.022,-0.121
2715,2715,0.462,0.044,-0.222
2716,2716,0.849,0.127,0.653
2717,2717,0.533,0.083,0.318
2718,2718,0.283,-0.007,-0.187
2719,2719,0.693,0.083,0.33
2720,2720,0.535,-0.042,-0.091
2721,2721,0.747,0.154,0.423
2722,2722,0.584,0.071,0.013
2723,2723,0.633,0.082,0.411
2724,2724,0.069,0.044,-0.073
2725,2725,0.082,0.026,-0.147
2726,2726,0.457,0.124,0.575
2727,2727,0.345,0.14,0.245
2728,2728,0.258,0.062,-0.012
2729,2729,0.778,0.012,0.995
2730,2730,0.643,0.133,-0.358
2731,2731,-0.645,0.017,-0.997
2732,2732,0.74,0.142,-0.066
2733,2733,0.601,0.01,-0.165
2734,2734,0.741,0.025,0.356
2735,2735,0.675,0.075,0.243
2736,2736,0.175,-0.065,-0.991
2737,2737,0.764,0.291,0.991
2738,2738,0.255,-0.027,-0.467
2739,2739,0.636,0.108,0.35
2740,2740,0.687,0.141,0.342
2741,2741,0.965,0.224,-0.712
2742,2742,0.539,0.051,0.331
2743,2743,0.517,0.161,0.601
2744,2744,0.964,0.162,0.98
2745,2745,0.578,0.023,0.004
2746,2746,0.679,0.11,0.512
2747,2747,0.826,0.16,0.562
2748,2748,0.465,0.049,-0.592
2749,2749,0.83,0.169,0.212
2750,2750,0.341,-0.027,0.078
2751,2751,0.723,0.097,0.431
2752,2752,0.708,0.076,0.262
2753,2753,0.698,0.025,-0.419
2754,2754,0.375,0.004,-0.2
2755,2755,0.304,0.137,-0.063
2756,2756,0.439,0.083,0.093
2757,2757,-0.007,-0.119,-0.309
2758,2758,0.022,-0.001,-0.136
2759,2759,0.148,-0.022,0.352
2760,2760,0.404,-0.011,-0.106
2761,2761,0.702,0.151,0.565
2762,2762,0.596,-0.029,-0.269
2763,2763,0.185,-0.045,-0.443
2764,2764,0.497,0.023,-0.272
2765,2765,0.855,0.181,0.349
2766,2766,0.784,0.131,0.538
2767,2767,0.551,0.09,-0.146
2768,2768,0.645,0.069,0.002
2769,2769,0.528,0.016,-0.043
2770,2770,0.735,0.086,0.053
2771,2771,0.458,0.042,0.051
2772,2772,0.571,0.082,0.123
2773,2773,0.488,0.15,-0.245
2774,2774,0.76,0.044,-0.101
2775,2775,0.693,0.134,0.468
2776,2776,0.59,0.061,-0.025
2777,2777,0.753,0.044,0.195
2778,2778,0.6,0.17,0.38
2779,2779,0.422,0.099,0.307
2780,2780,0.59,0.177,0.457
2781,2781,0.462,0.05,-0.023
2782,2782,0.604,0.118,0.216
2783,2783,0.522,0.155,0.464
2784,2784,0.035,0.024,0.333
2785,2785,0.421,-0.026,-0.172
2786,2786,0.126,-0.077,-0.327
2787,2787,0.317,-0.01,-0.286
2788,2788,0.483,0.066,-0.283
2789,2789,0.748,0.128,0.499
2790,2790,0.709,0.179,0.442
2791,2791,0.509,0.096,-0.01
2792,2792,0.102,-0.086,-0.998
2793,2793,-0.037,-0.072,-0.43
2794,2794,0.202,0.038,0.337
2795,2795,0.57,-0.062,-0.337
2796,2796,0.713,0.084,0.716
2797,2797,0.977,0.354,0.995
2798,2798,0.605,-0.008,-0.495
2799,2799,-0.173,-0.17,-0.999
2800,2800,0.615,0.107,0.313
2801,2801,0.842,0.115,0.299
2802,2802,0.774,0.097,0.712
2803,2803,0.579,0.148,0.487
2804,2804,0.73,0.001,0.056
2805,2805,0.95,0.244,1.0
2806,2806,-0.574,-0.217,-0.824
2807,2807,0.428,0.142,0.213
2808,2808,0.409,0.103,0.227
2809,2809,-0.0,-0.07,-0.405
2810,2810,0.471,0.065,0.011
2811,2811,0.491,0.052,0.349
2812,2812,0.368,0.131,0.562
2813,2813,0.326,0.108,-0.249
2814,2814,0.457,0.066,-0.322
2815,2815,-0.081,-0.026,-0.333
2816,2816,-0.009,-0.076,-0.522
2817,2817,0.423,0.156,0.703
2818,2818,0.49,0.12,0.993
2819,2819,0.62,0.112,0.006
2820,2820,0.706,0.126,0.998
2821,2821,0.649,0.11,0.596
2822,2822,0.789,0.203,0.997
2823,2823,0.493,0.048,-0.144
2824,2824,0.641,0.041,0.434
2825,2825,0.915,0.124,0.442
2826,2826,0.704,0.14,0.726
2827,2827,0.852,0.111,0.988
2828,2828,0.83,-0.003,0.52
2829,2829,0.666,0.216,0.333
2830,2830,0.488,0.047,0.142
2831,2831,0.656,0.064,-0.203
2832,2832,0.253,0.225,0.249
2833,2833,0.607,0.169,0.56
2834,2834,0.616,0.198,0.556
2835,2835,0.5,0.075,-0.242
2836,2836,0.223,0.026,-0.016
2837,2837,-0.275,0.031,0.333
2838,2838,0.556,0.091,0.67
2839,2839,0.631,0.148,0.461
2840,2840,0.688,0.181,0.431
2841,2841,0.537,0.057,0.166
2842,2842,0.637,0.061,-0.206
2843,2843,0.726,0.009,0.173
2844,2844,0.686,0.098,0.289
2845,2845,0.735,0.073,-0.383
2846,2846,0.296,-0.26,-0.966
2847,2847,0.35,0.196,0.453
2848,2848,0.801,0.286,0.461
2849,2849,0.547,0.103,0.215
2850,2850,0.489,0.043,0.109
2851,2851,0.548,0.053,-0.124
2852,2852,0.422,0.062,-0.042
2853,2853,0.827,0.148,0.547
2854,2854,0.469,0.048,0.136
2855,2855,0.41,0.04,0.333
2856,2856,0.719,-0.013,-0.152
2857,2857,0.498,0.081,0.153
2858,2858,0.689,0.053,0.296
2859,2859,0.92,0.16,0.998
2860,2860,0.915,0.202,0.997
2861,2861,0.258,-0.032,-0.29
2862,2862,0.948,-0.013,-0.992
2863,2863,0.101,-0.086,0.023
2864,2864,0.236,-0.075,-0.44
2865,2865,0.604,0.113,-0.118
2866,2866,0.775,0.165,0.232
2867,2867,0.708,0.062,0.339
2868,2868,0.893,0.162,0.045
2869,2869,0.407,-0.122,-0.226
2870,2870,0.663,0.055,0.332
2871,2871,0.789,0.113,0.283
2872,2872,0.661,0.028,0.138
2873,2873,0.628,0.031,-0.228
2874,2874,0.694,0.09,0.481
2875,2875,0.619,0.035,-0.396
2876,2876,0.739,0.106,0.467
2877,2877,0.525,0.097,0.049
2878,2878,0.33,0.215,0.2
2879,2879,0.96,0.617,1.0
2880,2880,0.752,0.099,0.264
2881,2881,0.876,0.049,-0.955
2882,2882,0.684,0.08,-0.001
2883,2883,0.541,0.13,0.124
2884,2884,0.72,0.14,0.332
2885,2885,0.81,0.192,0.003
2886,2886,0.419,0.167,0.221
2887,2887,0.971,0.153,0.971
2888,2888,0.615,0.19,0.634
2889,2889,0.936,0.218,-0.133
2890,2890,0.429,0.066,0.149
2891,2891,0.296,0.091,0.141
2892,2892,0.439,0.087,0.255
2893,2893,0.48,0.103,0.12
2894,2894,-0.527,0.0,-0.987
2895,2895,0.613,0.104,0.427
2896,2896,0.659,0.103,0.369
2897,2897,0.294,-0.014,-0.371
2898,2898,0.498,0.151,0.235
2899,2899,0.479,0.062,-0.339
2900,2900,0.539,0.213,0.264
2901,2901,0.465,0.096,-0.164
2902,2902,0.542,0.205,0.09
2903,2903,0.359,0.005,-0.757
2904,2904,0.573,0.234,0.217
2905,2905,0.5,0.008,0.199
2906,2906,0.93,0.07,0.258
2907,2907,0.892,-0.055,0.883
2908,2908,0.361,0.167,1.0
2909,2909,0.692,0.08,-0.216
2910,2910,0.452,0.088,-0.226
2911,2911,0.467,-0.128,-0.227
2912,2912,0.818,0.206,0.999
2913,2913,-0.664,-0.269,-0.999
2914,2914,0.84,0.435,0.496
2915,2915,0.489,0.132,-0.131
2916,2916,0.233,0.004,0.291
2917,2917,0.602,0.181,0.816
2918,2918,0.626,0.03,-0.217
2919,2919,0.778,0.103,0.214
2920,2920,0.727,0.044,-0.084
2921,2921,0.436,-0.032,-0.572
2922,2922,0.511,0.027,-0.278
2923,2923,0.703,0.074,0.071
2924,2924,0.16,-0.203,-0.996
2925,2925,0.889,0.23,0.914
2926,2926,0.332,0.196,0.336
2927,2927,0.895,0.124,-0.195
2928,2928,-0.103,-0.4,-0.992
2929,2929,0.392,0.041,-0.01
2930,2930,0.495,0.019,-0.015
2931,2931,0.685,0.184,0.36
2932,2932,0.772,0.179,0.181
2933,2933,0.855,0.184,0.692
2934,2934,0.602,0.313,0.684
2935,2935,0.634,0.139,-0.1
2936,2936,0.575,0.09,0.47
2937,2937,0.044,-0.143,-0.486
2938,2938,0.29,0.046,-0.228
2939,2939,0.865,0.099,-0.344
2940,2940,0.914,-0.019,0.999
2941,2941,0.598,0.046,0.142
2942,2942,0.335,-0.037,-0.475
2943,2943,0.171,0.01,0.005
2944,2944,0.715,0.155,0.687
2945,2945,0.646,0.023,0.178
2946,2946,0.566,0.098,0.308
2947,2947,0.405,-0.026,-0.309
2948,2948,0.764,0.189,0.496
2949,2949,0.617,-0.031,-0.007
2950,2950,0.832,0.092,0.997
2951,2951,0.292,-0.057,-0.123
2952,2952,0.462,0.004,0.198
2953,2953,0.589,0.027,-0.135
2954,2954,0.316,0.03,-0.19
2955,2955,0.489,0.05,-0.043
2956,2956,0.536,0.131,0.264
2957,2957,0.599,0.082,0.288
2958,2958,0.665,0.106,0.348
2959,2959,0.633,0.13,0.465
2960,2960,0.712,-0.008,0.346
2961,2961,-0.714,-0.227,-0.998
2962,2962,0.986,0.322,0.999
2963,2963,0.52,0.115,0.402
2964,2964,0.339,-0.012,0.079
2965,2965,0.633,0.122,0.501
2966,2966,0.651,0.115,0.39
2967,2967,0.456,0.043,0.139
2968,2968,0.725,0.081,0.377
2969,2969,0.777,0.099,0.273
2970,2970,0.432,0.107,0.245
2971,2971,0.459,-0.004,-0.135
2972,2972,0.645,-0.021,-0.305
2973,2973,0.851,-0.002,0.595
2974,2974,0.277,-0.125,-0.221
2975,2975,0.637,0.105,0.397
2976,2976,0.646,0.044,-0.483
2977,2977,0.794,0.159,0.507
2978,2978,0.63,0.169,0.554
2979,2979,0.697,0.164,0.431
2980,2980,0.741,0.129,0.357
2981,2981,0.449,0.093,0.257
2982,2982,0.385,0.029,-0.013
2983,2983,0.251,-0.046,-0.135
2984,2984,0.249,0.001,-0.367
2985,2985,0.637,0.054,-0.337
2986,2986,0.092,-0.042,-0.485
2987,2987,0.99,-0.129,-0.995
2988,2988,0.609,0.015,0.154
2989,2989,0.269,0.005,-0.331
2990,2990,0.548,0.127,0.0
2991,2991,0.477,0.19,0.997
2992,2992,0.43,0.039,0.301
2993,2993,0.903,0.208,0.999
2994,2994,0.449,0.023,-0.164
2995,2995,0.398,0.064,-0.006
2996,2996,0.193,0.03,-0.058
2997,2997,0.384,0.029,-0.215
2998,2998,0.342,0.016,-0.161
2999,2999,0.768,0.189,0.53
3000,3000,0.616,0.182,0.692
3001,3001,0.808,-0.086,0.958
